KOSDAQ,코스닥,KOSDAQ,INDEX
KOSDAQ-114,코스닥 통신,KOSDAQ,INDEX
KOSDAQ-118,코스닥 IT 서비스,KOSDAQ,INDEX
KOSDAQ-12,코스닥 일반서비스,KOSDAQ,INDEX
KOSDAQ-181,코스닥 우량기업부,KOSDAQ,INDEX
KOSDAQ-182,코스닥 벤쳐기업부,KOSDAQ,INDEX
KOSDAQ-183,코스닥 중견기업부,KOSDAQ,INDEX
KOSDAQ-184,코스닥 기술성장기업부,KOSDAQ,INDEX
KOSDAQ-189,코스닥 글로벌,KOSDAQ,INDEX
KOSDAQ-2,코스닥 대형주,KOSDAQ,INDEX
KOSDAQ-203,코스닥 150,KOSDAQ,INDEX
KOSDAQ-204,코스닥 150 동일가중,KOSDAQ,INDEX
KOSDAQ-212,코스닥 150 소재,KOSDAQ,INDEX
KOSDAQ-213,코스닥 150 산업재,KOSDAQ,INDEX
KOSDAQ-214,코스닥 150 필수소비재,KOSDAQ,INDEX
KOSDAQ-215,코스닥 150 자유소비재,KOSDAQ,INDEX
KOSDAQ-216,코스닥 150 정보기술,KOSDAQ,INDEX
KOSDAQ-217,코스닥 150 헬스케어,KOSDAQ,INDEX
KOSDAQ-218,코스닥 150 커뮤니케이션서비스,KOSDAQ,INDEX
KOSDAQ-24,코스닥 제조,KOSDAQ,INDEX
KOSDAQ-26,코스닥 건설,KOSDAQ,INDEX
KOSDAQ-27,코스닥 유통,KOSDAQ,INDEX
KOSDAQ-29,코스닥 운송·창고,KOSDAQ,INDEX
KOSDAQ-3,코스닥 중형주,KOSDAQ,INDEX
KOSDAQ-31,코스닥 금융,KOSDAQ,INDEX
KOSDAQ-331,코스닥 150 거버넌스,KOSDAQ,INDEX
KOSDAQ-37,코스닥 오락·문화,KOSDAQ,INDEX
KOSDAQ-4,코스닥 소형주,KOSDAQ,INDEX
KOSDAQ-56,코스닥 음식료·담배,KOSDAQ,INDEX
KOSDAQ-58,코스닥 섬유·의류,KOSDAQ,INDEX
KOSDAQ-62,코스닥 종이·목재,KOSDAQ,INDEX
KOSDAQ-63,코스닥 출판·매체복제,KOSDAQ,INDEX
KOSDAQ-65,코스닥 화학,KOSDAQ,INDEX
KOSDAQ-66,코스닥 제약,KOSDAQ,INDEX
KOSDAQ-67,코스닥 비금속,KOSDAQ,INDEX
KOSDAQ-68,코스닥 금속,KOSDAQ,INDEX
KOSDAQ-70,코스닥 기계·장비,KOSDAQ,INDEX
KOSDAQ-72,코스닥 전기·전자,KOSDAQ,INDEX
KOSDAQ-74,코스닥 의료·정밀기기,KOSDAQ,INDEX
KOSDAQ-75,코스닥 운송장비·부품,KOSDAQ,INDEX
KOSDAQ-77,코스닥 기타제조,KOSDAQ,INDEX
KOSPI,코스피,KOSPI,INDEX
KOSPI-10,코스피 비금속,KOSPI,INDEX
KOSPI-11,코스피 금속,KOSPI,INDEX
KOSPI-12,코스피 기계·장비,KOSPI,INDEX
KOSPI-13,코스피 전기·전자,KOSPI,INDEX
KOSPI-14,코스피 의료·정밀기기,KOSPI,INDEX
KOSPI-15,코스피 운송장비·부품,KOSPI,INDEX
KOSPI-150,코스피 K200커뮤니케이션서비스,KOSPI,INDEX
KOSPI-151,코스피 K200건설,KOSPI,INDEX
KOSPI-152,코스피 K200중공업,KOSPI,INDEX
KOSPI-153,코스피 K200철강소재,KOSPI,INDEX
KOSPI-154,코스피 K200에너지화학,KOSPI,INDEX
KOSPI-155,코스피 K200정보기술,KOSPI,INDEX
KOSPI-156,코스피 K200금융,KOSPI,INDEX
KOSPI-157,코스피 K200생활소비재,KOSPI,INDEX
KOSPI-158,코스피 K200경기소비재,KOSPI,INDEX
KOSPI-159,코스피 K200산업재,KOSPI,INDEX
KOSPI-16,코스피 유통,KOSPI,INDEX
KOSPI-160,코스피 K200헬스케어,KOSPI,INDEX
KOSPI-161,코스피 K200고배당,KOSPI,INDEX
KOSPI-163,코스피 고배당 50,KOSPI,INDEX
KOSPI-164,코스피 배당성장 50,KOSPI,INDEX
KOSPI-165,코스피 우선주 지수,KOSPI,INDEX
KOSPI-166,코스피 K200가치저변동성,KOSPI,INDEX
KOSPI-167,코스피 K200 중소형주,KOSPI,INDEX
KOSPI-168,코스피 K200경기방어소비재,KOSPI,INDEX
KOSPI-17,코스피 전기·가스,KOSPI,INDEX
KOSPI-175,코스피 200 TR,KOSPI,INDEX
KOSPI-176,코스피 200 NTR,KOSPI,INDEX
KOSPI-18,코스피 건설,KOSPI,INDEX
KOSPI-182,코스피 200 초대형제외 지수,KOSPI,INDEX
KOSPI-19,코스피 운송·창고,KOSPI,INDEX
KOSPI-2,코스피 대형주,KOSPI,INDEX
KOSPI-20,코스피 통신,KOSPI,INDEX
KOSPI-21,코스피 금융,KOSPI,INDEX
KOSPI-224,코스피200 비중상한 30% 지수,KOSPI,INDEX
KOSPI-227,코스피200 비중상한 25% 지수,KOSPI,INDEX
KOSPI-232,코스피200 비중상한 20% 지수,KOSPI,INDEX
KOSPI-24,코스피 증권,KOSPI,INDEX
KOSPI-244,코스피200제외 코스피지수,KOSPI,INDEX
KOSPI-25,코스피 보험,KOSPI,INDEX
KOSPI-26,코스피 일반서비스,KOSPI,INDEX
KOSPI-27,코스피 제조,KOSPI,INDEX
KOSPI-3,코스피 중형주,KOSPI,INDEX
KOSPI-4,코스피 소형주,KOSPI,INDEX
KOSPI-401,코스피 KOSPI200동일가중,KOSPI,INDEX
KOSPI-402,코스피 KOSPI100동일가중,KOSPI,INDEX
KOSPI-403,코스피 KOSPI50 동일가중,KOSPI,INDEX
KOSPI-45,코스피 부동산,KOSPI,INDEX
KOSPI-46,코스피 IT 서비스,KOSPI,INDEX
KOSPI-47,코스피 오락·문화,KOSPI,INDEX
KOSPI-5,코스피 음식료·담배,KOSPI,INDEX
KOSPI-51,코스피 200,KOSPI,INDEX
KOSPI-6,코스피 섬유·의류,KOSPI,INDEX
KOSPI-61,코스피 100,KOSPI,INDEX
KOSPI-62,코스피 50,KOSPI,INDEX
KOSPI-7,코스피 종이·목재,KOSPI,INDEX
KOSPI-8,코스피 화학,KOSPI,INDEX
KOSPI-9,코스피 제약,KOSPI,INDEX
0001A0,덕양에너젠,KOSDAQ,STOCK
000250,삼천당제약,KOSDAQ,STOCK
000440,중앙에너비스,KOSDAQ,STOCK
0004V0,엔비알모션,KOSDAQ,STOCK
0004Y0,디비금융제14호스팩,KOSDAQ,STOCK
0007C0,아크릴,KOSDAQ,STOCK
0007J0,인벤테라,KOSDAQ,STOCK
0008Z0,에스엔시스,KOSDAQ,STOCK
0009K0,에임드바이오,KOSDAQ,STOCK
001000,신라섬유,KOSDAQ,STOCK
0010F0,보원케미칼,KOSDAQ,STOCK
0010V0,제이피아이헬스케어,KOSDAQ,STOCK
0011A0,액스비스,KOSDAQ,STOCK
0011T0,채비,KOSDAQ,STOCK
0013V0,삼진식품,KOSDAQ,STOCK
001540,안국약품,KOSDAQ,STOCK
0015G0,그린광학,KOSDAQ,STOCK
0015N0,아로마티카,KOSDAQ,STOCK
0015S0,페스카로,KOSDAQ,STOCK
0017J0,세미티에스,KOSDAQ,STOCK
001810,무림SP,KOSDAQ,STOCK
001840,이화공영,KOSDAQ,STOCK
002230,피에스텍,KOSDAQ,STOCK
002290,삼일기업공사,KOSDAQ,STOCK
002680,한탑,KOSDAQ,STOCK
002800,신신제약,KOSDAQ,STOCK
003100,선광,KOSDAQ,STOCK
003310,대주산업,KOSDAQ,STOCK
003380,하림지주,KOSDAQ,STOCK
0037T0,KB제32호스팩,KOSDAQ,STOCK
003800,에이스침대,KOSDAQ,STOCK
0039P0,매드업,KOSDAQ,STOCK
0041B0,교보18호스팩,KOSDAQ,STOCK
0041J0,엘에스스팩1호,KOSDAQ,STOCK
0041L0,하나35호스팩,KOSDAQ,STOCK
0044K0,삼성스팩10호,KOSDAQ,STOCK
004590,한국가구,KOSDAQ,STOCK
004650,창해에탄올,KOSDAQ,STOCK
004780,대륙제관,KOSDAQ,STOCK
005160,동국산업,KOSDAQ,STOCK
005290,동진쎄미켐,KOSDAQ,STOCK
0054V0,엔에이치스팩32호,KOSDAQ,STOCK
005670,푸드웰,KOSDAQ,STOCK
005710,대원산업,KOSDAQ,STOCK
005860,한일사료,KOSDAQ,STOCK
005990,매일홀딩스,KOSDAQ,STOCK
006050,국영지앤엠,KOSDAQ,STOCK
006140,피제이전자,KOSDAQ,STOCK
006620,동구바이오제약,KOSDAQ,STOCK
006730,서부T&D,KOSDAQ,STOCK
0068Y0,비엔케이제3호스팩,KOSDAQ,STOCK
006910,보성파워텍,KOSDAQ,STOCK
006920,모헨즈,KOSDAQ,STOCK
0071M0,삼성스팩11호,KOSDAQ,STOCK
0072Z0,KB제33호스팩,KOSDAQ,STOCK
007330,푸른저축은행,KOSDAQ,STOCK
007370,진양제약,KOSDAQ,STOCK
007390,네이처셀,KOSDAQ,STOCK
007530,와이엠,KOSDAQ,STOCK
007680,대원,KOSDAQ,STOCK
007720,소노스퀘어,KOSDAQ,STOCK
007770,한일화학,KOSDAQ,STOCK
007820,엠엑스로보틱스,KOSDAQ,STOCK
008290,원풍물산,KOSDAQ,STOCK
0082N0,카나프테라퓨틱스,KOSDAQ,STOCK
008370,원풍,KOSDAQ,STOCK
008470,부스타,KOSDAQ,STOCK
008830,대동기어,KOSDAQ,STOCK
0088D0,메리츠제1호스팩,KOSDAQ,STOCK
0088M0,메쥬,KOSDAQ,STOCK
0091W0,신영스팩11호,KOSDAQ,STOCK
009300,삼아제약,KOSDAQ,STOCK
0093G0,미래에셋비전스팩8호,KOSDAQ,STOCK
009520,포스코엠텍,KOSDAQ,STOCK
009620,삼보산업,KOSDAQ,STOCK
0096B0,삼성스팩12호,KOSDAQ,STOCK
0096D0,미래에셋비전스팩9호,KOSDAQ,STOCK
009730,이렘,KOSDAQ,STOCK
009780,엠에스씨,KOSDAQ,STOCK
0097F0,미래에셋비전스팩10호,KOSDAQ,STOCK
0098T0,교보19호스팩,KOSDAQ,STOCK
0099W0,미래에셋비전스팩11호,KOSDAQ,STOCK
0099X0,IBKS제25호스팩,KOSDAQ,STOCK
010170,대한광통신,KOSDAQ,STOCK
0101C0,하나36호스팩,KOSDAQ,STOCK
010240,흥국,KOSDAQ,STOCK
010280,아이티센엔텍,KOSDAQ,STOCK
010470,오리콤,KOSDAQ,STOCK
0105P0,유진스팩12호,KOSDAQ,STOCK
011040,경동제약,KOSDAQ,STOCK
011080,형지I&C,KOSDAQ,STOCK
011320,유니크,KOSDAQ,STOCK
011370,서한,KOSDAQ,STOCK
011560,세보엠이씨,KOSDAQ,STOCK
0115H0,삼성스팩13호,KOSDAQ,STOCK
0117P0,피스피스스튜디오,KOSDAQ,STOCK
012210,삼미금속,KOSDAQ,STOCK
012340,뉴인텍,KOSDAQ,STOCK
012620,원일특강,KOSDAQ,STOCK
012700,리드코프,KOSDAQ,STOCK
012790,신일제약,KOSDAQ,STOCK
012860,모베이스전자,KOSDAQ,STOCK
0129K0,신한제18호스팩,KOSDAQ,STOCK
013030,하이록코리아,KOSDAQ,STOCK
0130D0,신한제17호스팩,KOSDAQ,STOCK
0130H0,엔에이치스팩33호,KOSDAQ,STOCK
013120,동원개발,KOSDAQ,STOCK
0131D0,키움히어로제2호스팩,KOSDAQ,STOCK
0132G0,교보20호스팩,KOSDAQ,STOCK
013310,아진산업,KOSDAQ,STOCK
0134X0,대신밸런스제20호스팩,KOSDAQ,STOCK
013720,청보,KOSDAQ,STOCK
013810,스페코,KOSDAQ,STOCK
013990,아가방컴퍼니,KOSDAQ,STOCK
014100,메디앙스,KOSDAQ,STOCK
014190,원익큐브,KOSDAQ,STOCK
014470,부방,KOSDAQ,STOCK
014570,고려제약,KOSDAQ,STOCK
014620,성광벤드,KOSDAQ,STOCK
014940,오리엔탈정공,KOSDAQ,STOCK
014950,삼익제약,KOSDAQ,STOCK
014970,삼륭물산,KOSDAQ,STOCK
0156T0,에이치엘지노믹스,KOSDAQ,STOCK
015710,코콤,KOSDAQ,STOCK
015750,성우하이텍,KOSDAQ,STOCK
016100,리더스코스메틱,KOSDAQ,STOCK
016250,SGC E&C,KOSDAQ,STOCK
0164H0,한국제16호스팩,KOSDAQ,STOCK
0165X0,메리츠제2호스팩,KOSDAQ,STOCK
016600,큐캐피탈,KOSDAQ,STOCK
016670,디모아,KOSDAQ,STOCK
016790,현대사료,KOSDAQ,STOCK
016920,카스,KOSDAQ,STOCK
017000,신원종합개발,KOSDAQ,STOCK
017250,인터엠,KOSDAQ,STOCK
017480,삼현철강,KOSDAQ,STOCK
017510,세명전기,KOSDAQ,STOCK
017650,대림제지,KOSDAQ,STOCK
017890,한국알콜,KOSDAQ,STOCK
018000,유니슨,KOSDAQ,STOCK
018120,진로발효,KOSDAQ,STOCK
018290,브이티,KOSDAQ,STOCK
018310,삼목에스폼,KOSDAQ,STOCK
018620,우진비앤지,KOSDAQ,STOCK
018680,서울제약,KOSDAQ,STOCK
018700,졸스,KOSDAQ,STOCK
019010,베뉴지,KOSDAQ,STOCK
019210,와이지-원,KOSDAQ,STOCK
019540,일지테크,KOSDAQ,STOCK
019550,SBI인베스트먼트,KOSDAQ,STOCK
019570,플루토스,KOSDAQ,STOCK
019660,글로본,KOSDAQ,STOCK
019770,서연탑메탈,KOSDAQ,STOCK
019990,에너토크,KOSDAQ,STOCK
020180,대신정보통신,KOSDAQ,STOCK
020400,대동금속,KOSDAQ,STOCK
020710,시공테크,KOSDAQ,STOCK
021040,대호특수강,KOSDAQ,STOCK
021045,대호특수강우,KOSDAQ,STOCK
021080,에이티넘인베스트,KOSDAQ,STOCK
021320,KCC건설,KOSDAQ,STOCK
021650,한국큐빅,KOSDAQ,STOCK
021880,메이슨캐피탈,KOSDAQ,STOCK
022220,티케이지애강,KOSDAQ,STOCK
023160,태광,KOSDAQ,STOCK
023410,유진기업,KOSDAQ,STOCK
023440,제이스코홀딩스,KOSDAQ,STOCK
023600,삼보판지,KOSDAQ,STOCK
023760,한국캐피탈,KOSDAQ,STOCK
023770,플레이위드,KOSDAQ,STOCK
023790,동일스틸럭스,KOSDAQ,STOCK
023900,풍국주정,KOSDAQ,STOCK
023910,대한약품,KOSDAQ,STOCK
024060,흥구석유,KOSDAQ,STOCK
024120,KB오토시스,KOSDAQ,STOCK
024740,한일단조,KOSDAQ,STOCK
024800,유성티엔에스,KOSDAQ,STOCK
024830,세원물산,KOSDAQ,STOCK
024840,KBI메탈,KOSDAQ,STOCK
024850,HLB이노베이션,KOSDAQ,STOCK
024880,케이피에프,KOSDAQ,STOCK
024910,경창산업,KOSDAQ,STOCK
024940,PN풍년,KOSDAQ,STOCK
024950,삼천리자전거,KOSDAQ,STOCK
025320,시노펙스,KOSDAQ,STOCK
025440,DH오토웨어,KOSDAQ,STOCK
025550,한국선재,KOSDAQ,STOCK
025770,한국정보통신,KOSDAQ,STOCK
025870,신라에스지,KOSDAQ,STOCK
025880,케이씨피드,KOSDAQ,STOCK
025900,동화기업,KOSDAQ,STOCK
025950,동신건설,KOSDAQ,STOCK
025980,아난티,KOSDAQ,STOCK
026040,제이에스티나,KOSDAQ,STOCK
026150,특수건설,KOSDAQ,STOCK
026910,광진실업,KOSDAQ,STOCK
027040,서울전자통신,KOSDAQ,STOCK
027050,코리아나,KOSDAQ,STOCK
027360,아주IB투자,KOSDAQ,STOCK
027580,상보,KOSDAQ,STOCK
027710,팜스토리,KOSDAQ,STOCK
027830,대성창투,KOSDAQ,STOCK
028080,휴맥스홀딩스,KOSDAQ,STOCK
028300,HLB,KOSDAQ,STOCK
029480,광무,KOSDAQ,STOCK
030350,드래곤플라이,KOSDAQ,STOCK
030520,한컴,KOSDAQ,STOCK
030530,원익홀딩스,KOSDAQ,STOCK
030960,양지사,KOSDAQ,STOCK
031310,아이즈비전,KOSDAQ,STOCK
031330,에스에이엠티,KOSDAQ,STOCK
031510,오스템,KOSDAQ,STOCK
031860,디에이치엑스컴퍼니,KOSDAQ,STOCK
031980,피에스케이홀딩스,KOSDAQ,STOCK
032080,아즈텍WB,KOSDAQ,STOCK
032190,다우데이타,KOSDAQ,STOCK
032280,삼일,KOSDAQ,STOCK
032300,한국파마,KOSDAQ,STOCK
032500,케이엠더블유,KOSDAQ,STOCK
032540,TJ미디어,KOSDAQ,STOCK
032580,피델릭스,KOSDAQ,STOCK
032620,GC메디아이,KOSDAQ,STOCK
032680,소프트센,KOSDAQ,STOCK
032685,소프트센우,KOSDAQ,STOCK
032750,삼진,KOSDAQ,STOCK
032790,엠젠솔루션,KOSDAQ,STOCK
032800,판타지오,KOSDAQ,STOCK
032820,우리기술,KOSDAQ,STOCK
032850,비트컴퓨터,KOSDAQ,STOCK
032860,더라미,KOSDAQ,STOCK
032940,원익,KOSDAQ,STOCK
032960,동일기연,KOSDAQ,STOCK
033050,제이엠아이,KOSDAQ,STOCK
033100,제룡전기,KOSDAQ,STOCK
033130,디지틀조선,KOSDAQ,STOCK
033160,엠케이전자,KOSDAQ,STOCK
033170,시그네틱스,KOSDAQ,STOCK
033200,모아텍,KOSDAQ,STOCK
033230,인성정보,KOSDAQ,STOCK
033290,로젠,KOSDAQ,STOCK
033310,엠투엔,KOSDAQ,STOCK
033320,제이씨현시스템,KOSDAQ,STOCK
033340,좋은사람들,KOSDAQ,STOCK
033500,동성화인텍,KOSDAQ,STOCK
033540,파라텍,KOSDAQ,STOCK
033560,블루콤,KOSDAQ,STOCK
033640,네패스,KOSDAQ,STOCK
033790,피노,KOSDAQ,STOCK
033830,티비씨,KOSDAQ,STOCK
034810,해성산업,KOSDAQ,STOCK
03481K,해성산업1우,KOSDAQ,STOCK
034940,조아제약,KOSDAQ,STOCK
034950,한국기업평가,KOSDAQ,STOCK
035080,그래디언트,KOSDAQ,STOCK
035200,프럼파스트,KOSDAQ,STOCK
035290,골드앤에스,KOSDAQ,STOCK
035460,기산텔레콤,KOSDAQ,STOCK
035600,KG이니시스,KOSDAQ,STOCK
035610,솔본,KOSDAQ,STOCK
035620,바른손이앤에이,KOSDAQ,STOCK
035760,CJ ENM,KOSDAQ,STOCK
035810,이지홀딩스,KOSDAQ,STOCK
035890,서희건설,KOSDAQ,STOCK
035900,JYP Ent.,KOSDAQ,STOCK
036000,예림당,KOSDAQ,STOCK
036010,아비코전자,KOSDAQ,STOCK
036030,케이티알파,KOSDAQ,STOCK
036090,위지트,KOSDAQ,STOCK
036120,서울평가정보,KOSDAQ,STOCK
036170,에이치엠넥스,KOSDAQ,STOCK
036190,금화피에스시,KOSDAQ,STOCK
036200,유니셈,KOSDAQ,STOCK
036220,오상헬스케어,KOSDAQ,STOCK
036480,대성미생물,KOSDAQ,STOCK
036540,SFA반도체,KOSDAQ,STOCK
036560,KZ정밀,KOSDAQ,STOCK
036620,감성코퍼레이션,KOSDAQ,STOCK
036630,세종텔레콤,KOSDAQ,STOCK
036640,HRS,KOSDAQ,STOCK
036670,삼양케이씨아이,KOSDAQ,STOCK
036690,코맥스,KOSDAQ,STOCK
036710,심텍홀딩스,KOSDAQ,STOCK
036800,나이스정보통신,KOSDAQ,STOCK
036810,에프에스티,KOSDAQ,STOCK
036830,솔브레인홀딩스,KOSDAQ,STOCK
036890,진성티이씨,KOSDAQ,STOCK
036930,주성엔지니어링,KOSDAQ,STOCK
037030,파워넷,KOSDAQ,STOCK
037070,파세코,KOSDAQ,STOCK
037230,한국팩키지,KOSDAQ,STOCK
037330,인지디스플레,KOSDAQ,STOCK
037350,성도이엔지,KOSDAQ,STOCK
037370,EG,KOSDAQ,STOCK
037400,우리엔터프라이즈,KOSDAQ,STOCK
037440,희림,KOSDAQ,STOCK
037460,삼지전자,KOSDAQ,STOCK
037760,쎄니트,KOSDAQ,STOCK
037950,엘컴텍,KOSDAQ,STOCK
038010,제일테크노스,KOSDAQ,STOCK
038060,루멘스,KOSDAQ,STOCK
038070,서린바이오,KOSDAQ,STOCK
038110,에코플라스틱,KOSDAQ,STOCK
038290,마크로젠,KOSDAQ,STOCK
038390,레드캡투어,KOSDAQ,STOCK
038460,바이오스마트,KOSDAQ,STOCK
038500,삼표시멘트,KOSDAQ,STOCK
038530,케이바이오랩스,KOSDAQ,STOCK
038540,상상인,KOSDAQ,STOCK
038620,위즈코프,KOSDAQ,STOCK
038680,에스넷,KOSDAQ,STOCK
038870,에코심플렉스,KOSDAQ,STOCK
038880,아이에이,KOSDAQ,STOCK
038950,파인디지털,KOSDAQ,STOCK
039010,현대에이치티,KOSDAQ,STOCK
039020,이건홀딩스,KOSDAQ,STOCK
039030,이오테크닉스,KOSDAQ,STOCK
039200,오스코텍,KOSDAQ,STOCK
039240,경남스틸,KOSDAQ,STOCK
039290,인포뱅크,KOSDAQ,STOCK
039310,세중,KOSDAQ,STOCK
039340,한국경제TV,KOSDAQ,STOCK
039420,케이엘넷,KOSDAQ,STOCK
039440,에스티아이,KOSDAQ,STOCK
039560,다산네트웍스,KOSDAQ,STOCK
039610,화성밸브,KOSDAQ,STOCK
039740,한국정보공학,KOSDAQ,STOCK
039830,오로라,KOSDAQ,STOCK
039840,디오,KOSDAQ,STOCK
039860,나노엔텍,KOSDAQ,STOCK
039980,폴라리스AI,KOSDAQ,STOCK
040160,누리플렉스,KOSDAQ,STOCK
040300,YTN,KOSDAQ,STOCK
040350,크레오에스지,KOSDAQ,STOCK
040420,정상제이엘에스,KOSDAQ,STOCK
040610,SG&G,KOSDAQ,STOCK
040910,아이씨디,KOSDAQ,STOCK
041020,폴라리스오피스,KOSDAQ,STOCK
041190,우리기술투자,KOSDAQ,STOCK
041440,현대에버다임,KOSDAQ,STOCK
041460,한국전자인증,KOSDAQ,STOCK
041510,에스엠,KOSDAQ,STOCK
041520,이엘씨,KOSDAQ,STOCK
041590,플래스크,KOSDAQ,STOCK
041830,인바디,KOSDAQ,STOCK
041910,폴라리스AI파마,KOSDAQ,STOCK
041920,메디아나,KOSDAQ,STOCK
041930,SY동아,KOSDAQ,STOCK
041960,코미팜,KOSDAQ,STOCK
042000,카페24,KOSDAQ,STOCK
042040,케이피엠테크,KOSDAQ,STOCK
042110,에스씨디,KOSDAQ,STOCK
042370,비츠로테크,KOSDAQ,STOCK
042420,네오위즈홀딩스,KOSDAQ,STOCK
042500,링네트,KOSDAQ,STOCK
042510,라온시큐어,KOSDAQ,STOCK
042520,한스바이오메드,KOSDAQ,STOCK
042600,새로닉스,KOSDAQ,STOCK
042940,상지건설,KOSDAQ,STOCK
043090,더테크놀로지,KOSDAQ,STOCK
043100,알파AI,KOSDAQ,STOCK
043150,바텍,KOSDAQ,STOCK
043200,파루,KOSDAQ,STOCK
043220,티에스넥스젠,KOSDAQ,STOCK
043260,성호전자,KOSDAQ,STOCK
043340,에쎈테크,KOSDAQ,STOCK
043360,디지아이,KOSDAQ,STOCK
043370,피에이치에이,KOSDAQ,STOCK
043590,웰킵스하이텍,KOSDAQ,STOCK
043610,KT지니뮤직,KOSDAQ,STOCK
043650,국순당,KOSDAQ,STOCK
043710,코스리거글로벌,KOSDAQ,STOCK
043910,자연과환경,KOSDAQ,STOCK
044180,KD,KOSDAQ,STOCK
044340,위닉스,KOSDAQ,STOCK
044480,빌리언스,KOSDAQ,STOCK
044490,태웅,KOSDAQ,STOCK
044780,에이치케이,KOSDAQ,STOCK
044960,이글벳,KOSDAQ,STOCK
044990,에이치엔에스하이텍,KOSDAQ,STOCK
045060,오공,KOSDAQ,STOCK
045100,한양이엔지,KOSDAQ,STOCK
045300,성우테크론,KOSDAQ,STOCK
045340,토탈소프트,KOSDAQ,STOCK
045390,대아티아이,KOSDAQ,STOCK
045510,정원엔시스,KOSDAQ,STOCK
045520,크린앤사이언스,KOSDAQ,STOCK
045660,에이텍,KOSDAQ,STOCK
045970,코아시아,KOSDAQ,STOCK
046070,코다코,KOSDAQ,STOCK
046120,오르비텍,KOSDAQ,STOCK
046210,HLB파나진,KOSDAQ,STOCK
046310,백금T&A,KOSDAQ,STOCK
046390,삼화네트웍스,KOSDAQ,STOCK
046440,KG파이낸셜,KOSDAQ,STOCK
046890,서울반도체,KOSDAQ,STOCK
046940,우원개발,KOSDAQ,STOCK
046970,우리로,KOSDAQ,STOCK
047080,한빛소프트,KOSDAQ,STOCK
047310,파워로직스,KOSDAQ,STOCK
047560,이스트소프트,KOSDAQ,STOCK
047770,코데즈컴바인,KOSDAQ,STOCK
047820,초록뱀미디어,KOSDAQ,STOCK
047920,HLB제약,KOSDAQ,STOCK
048410,현대바이오,KOSDAQ,STOCK
048430,유라테크,KOSDAQ,STOCK
048470,대동스틸,KOSDAQ,STOCK
048530,인트론바이오,KOSDAQ,STOCK
048550,SM C&C,KOSDAQ,STOCK
048770,TPC로보틱스,KOSDAQ,STOCK
048830,엔피케이,KOSDAQ,STOCK
048870,시너지이노베이션,KOSDAQ,STOCK
048910,대원미디어,KOSDAQ,STOCK
049070,인탑스,KOSDAQ,STOCK
049080,기가레인,KOSDAQ,STOCK
049120,파인디앤씨,KOSDAQ,STOCK
049180,셀루메드,KOSDAQ,STOCK
049430,코메론,KOSDAQ,STOCK
049470,비트플래닛,KOSDAQ,STOCK
049480,오픈베이스,KOSDAQ,STOCK
049520,유아이엘,KOSDAQ,STOCK
049550,잉크테크,KOSDAQ,STOCK
049630,재영솔루텍,KOSDAQ,STOCK
049720,고려신용정보,KOSDAQ,STOCK
049830,승일,KOSDAQ,STOCK
049950,미래컴퍼니,KOSDAQ,STOCK
049960,쎌바이오텍,KOSDAQ,STOCK
050090,비케이홀딩스,KOSDAQ,STOCK
050110,캠시스,KOSDAQ,STOCK
050120,ES큐브,KOSDAQ,STOCK
050760,에스폴리텍,KOSDAQ,STOCK
050860,아세아텍,KOSDAQ,STOCK
050890,쏠리드,KOSDAQ,STOCK
050960,수산아이앤티,KOSDAQ,STOCK
051160,지어소프트,KOSDAQ,STOCK
051360,토비스,KOSDAQ,STOCK
051370,인터플렉스,KOSDAQ,STOCK
051380,피씨디렉트,KOSDAQ,STOCK
051390,YW,KOSDAQ,STOCK
051490,나라엠앤디,KOSDAQ,STOCK
051500,CJ프레시웨이,KOSDAQ,STOCK
051780,큐로홀딩스,KOSDAQ,STOCK
051980,중앙첨단소재,KOSDAQ,STOCK
052020,에스티큐브,KOSDAQ,STOCK
052220,iMBC,KOSDAQ,STOCK
052260,현대바이오랜드,KOSDAQ,STOCK
052300,오션인더블유,KOSDAQ,STOCK
052330,코텍,KOSDAQ,STOCK
052400,코나아이,KOSDAQ,STOCK
052420,오성첨단소재,KOSDAQ,STOCK
052460,아이크래프트,KOSDAQ,STOCK
052600,한네트,KOSDAQ,STOCK
052710,아모텍,KOSDAQ,STOCK
052770,아이톡시,KOSDAQ,STOCK
052790,액토즈소프트,KOSDAQ,STOCK
052860,아이앤씨,KOSDAQ,STOCK
052900,KX하이텍,KOSDAQ,STOCK
053030,바이넥스,KOSDAQ,STOCK
053050,지에스이,KOSDAQ,STOCK
053060,세동,KOSDAQ,STOCK
053080,케이엔솔,KOSDAQ,STOCK
053160,프리엠스,KOSDAQ,STOCK
053260,금강철강,KOSDAQ,STOCK
053270,구영테크,KOSDAQ,STOCK
053280,예스24,KOSDAQ,STOCK
053290,NE능률,KOSDAQ,STOCK
053300,한국정보인증,KOSDAQ,STOCK
053350,이니텍,KOSDAQ,STOCK
053450,세코닉스,KOSDAQ,STOCK
053580,웹케시,KOSDAQ,STOCK
053610,프로텍,KOSDAQ,STOCK
053620,태양,KOSDAQ,STOCK
053700,삼보모터스,KOSDAQ,STOCK
053800,안랩,KOSDAQ,STOCK
053950,경남제약,KOSDAQ,STOCK
053980,오상자이엘,KOSDAQ,STOCK
054040,한국컴퓨터,KOSDAQ,STOCK
054050,NH농우바이오,KOSDAQ,STOCK
054090,삼진엘앤디,KOSDAQ,STOCK
054180,메디콕스,KOSDAQ,STOCK
054210,이랜텍,KOSDAQ,STOCK
054220,비츠로시스,KOSDAQ,STOCK
054300,팬스타엔터프라이즈,KOSDAQ,STOCK
054410,케이피티유,KOSDAQ,STOCK
054450,텔레칩스,KOSDAQ,STOCK
054540,삼영엠텍,KOSDAQ,STOCK
054620,APS,KOSDAQ,STOCK
054670,대한뉴팜,KOSDAQ,STOCK
054780,키이스트,KOSDAQ,STOCK
054800,아이디스홀딩스,KOSDAQ,STOCK
054920,한컴위드,KOSDAQ,STOCK
054930,유신,KOSDAQ,STOCK
054940,엑사이엔씨,KOSDAQ,STOCK
054950,제이브이엠,KOSDAQ,STOCK
056080,유진로봇,KOSDAQ,STOCK
056090,시지메드텍,KOSDAQ,STOCK
056190,SFA,KOSDAQ,STOCK
056360,코위버,KOSDAQ,STOCK
056700,신화인터텍,KOSDAQ,STOCK
056730,CNT85,KOSDAQ,STOCK
057030,YBM넷,KOSDAQ,STOCK
057540,옴니시스템,KOSDAQ,STOCK
057680,티사이언티픽,KOSDAQ,STOCK
058110,멕아이씨에스,KOSDAQ,STOCK
058400,KNN,KOSDAQ,STOCK
058450,한주에이알티,KOSDAQ,STOCK
058470,리노공업,KOSDAQ,STOCK
058610,에스피지,KOSDAQ,STOCK
058630,엠게임,KOSDAQ,STOCK
058820,CMG제약,KOSDAQ,STOCK
058970,엠로,KOSDAQ,STOCK
059090,미코,KOSDAQ,STOCK
059100,아이컴포넌트,KOSDAQ,STOCK
059120,아진엑스텍,KOSDAQ,STOCK
059210,메타바이오메드,KOSDAQ,STOCK
059270,해성에어로보틱스,KOSDAQ,STOCK
060150,인선이엔티,KOSDAQ,STOCK
060230,제이케이시냅스,KOSDAQ,STOCK
060250,NHN KCP,KOSDAQ,STOCK
060260,뉴보텍,KOSDAQ,STOCK
060280,큐렉소,KOSDAQ,STOCK
060310,3S,KOSDAQ,STOCK
060370,LS마린솔루션,KOSDAQ,STOCK
060380,동양에스텍,KOSDAQ,STOCK
060480,국일신동,KOSDAQ,STOCK
060540,에스에이티,KOSDAQ,STOCK
060560,HC홈센타,KOSDAQ,STOCK
060570,드림어스컴퍼니,KOSDAQ,STOCK
060590,씨티씨바이오,KOSDAQ,STOCK
060720,KH바텍,KOSDAQ,STOCK
060850,영림원소프트랩,KOSDAQ,STOCK
060900,에이전트AI,KOSDAQ,STOCK
061040,알에프텍,KOSDAQ,STOCK
061090,세나테크놀로지,KOSDAQ,STOCK
061250,화일약품,KOSDAQ,STOCK
061970,LB세미콘,KOSDAQ,STOCK
062970,한국첨단소재,KOSDAQ,STOCK
063080,컴투스홀딩스,KOSDAQ,STOCK
063170,서울옥션,KOSDAQ,STOCK
063440,SM Life Design,KOSDAQ,STOCK
063570,NICE인프라,KOSDAQ,STOCK
063760,이엘피,KOSDAQ,STOCK
064090,인크레더블버즈,KOSDAQ,STOCK
064240,홈캐스트,KOSDAQ,STOCK
064260,다날,KOSDAQ,STOCK
064290,인텍플러스,KOSDAQ,STOCK
064480,브리지텍,KOSDAQ,STOCK
064520,테크엘,KOSDAQ,STOCK
064550,바이오니아,KOSDAQ,STOCK
064760,티씨케이,KOSDAQ,STOCK
064800,포니링크,KOSDAQ,STOCK
064820,케이프,KOSDAQ,STOCK
064850,에프앤가이드,KOSDAQ,STOCK
065060,지엔코,KOSDAQ,STOCK
065130,탑엔지니어링,KOSDAQ,STOCK
065150,대산F&B,KOSDAQ,STOCK
065170,비엘팜텍,KOSDAQ,STOCK
065350,신성델타테크,KOSDAQ,STOCK
065370,위세아이텍,KOSDAQ,STOCK
065420,에스아이리소스,KOSDAQ,STOCK
065440,이루온,KOSDAQ,STOCK
065450,빅텍,KOSDAQ,STOCK
065500,오리엔트정공,KOSDAQ,STOCK
065510,휴비츠,KOSDAQ,STOCK
065530,와이어블,KOSDAQ,STOCK
065570,삼영이엔씨,KOSDAQ,STOCK
065650,하이퍼코퍼레이션,KOSDAQ,STOCK
065660,안트로젠,KOSDAQ,STOCK
065680,우주일렉트로,KOSDAQ,STOCK
065690,파커스,KOSDAQ,STOCK
065710,서호전기,KOSDAQ,STOCK
065770,CS,KOSDAQ,STOCK
065950,웰크론,KOSDAQ,STOCK
066130,하츠,KOSDAQ,STOCK
066310,큐에스아이,KOSDAQ,STOCK
066360,체리부로,KOSDAQ,STOCK
066410,버킷스튜디오,KOSDAQ,STOCK
066430,아이로보틱스,KOSDAQ,STOCK
066590,스모트로닉,KOSDAQ,STOCK
066620,국보디자인,KOSDAQ,STOCK
066670,디티씨,KOSDAQ,STOCK
066700,테라젠이텍스,KOSDAQ,STOCK
066790,씨씨에스,KOSDAQ,STOCK
066900,디에이피,KOSDAQ,STOCK
066910,손오공,KOSDAQ,STOCK
066980,한성크린텍,KOSDAQ,STOCK
067000,조이시티,KOSDAQ,STOCK
067010,이씨에스,KOSDAQ,STOCK
067080,대화제약,KOSDAQ,STOCK
067160,SOOP,KOSDAQ,STOCK
067170,오텍,KOSDAQ,STOCK
067280,멀티캠퍼스,KOSDAQ,STOCK
067290,JW신약,KOSDAQ,STOCK
067310,하나마이크론,KOSDAQ,STOCK
067370,선바이오,KOSDAQ,STOCK
067390,아스트,KOSDAQ,STOCK
067570,엔브이에이치코리아,KOSDAQ,STOCK
067630,HLB생명과학,KOSDAQ,STOCK
067730,로지시스,KOSDAQ,STOCK
067770,세진티에스,KOSDAQ,STOCK
067900,와이엔텍,KOSDAQ,STOCK
067920,이글루,KOSDAQ,STOCK
067990,도이치모터스,KOSDAQ,STOCK
068050,팬엔터테인먼트,KOSDAQ,STOCK
068100,케이웨더,KOSDAQ,STOCK
068240,다원시스,KOSDAQ,STOCK
068330,일신바이오,KOSDAQ,STOCK
068760,셀트리온제약,KOSDAQ,STOCK
068790,DMS,KOSDAQ,STOCK
068930,디지털대성,KOSDAQ,STOCK
068940,셀피글로벌,KOSDAQ,STOCK
069080,웹젠,KOSDAQ,STOCK
069140,누리플랜,KOSDAQ,STOCK
069330,유아이디,KOSDAQ,STOCK
069410,엔텔스,KOSDAQ,STOCK
069510,에스텍,KOSDAQ,STOCK
069540,빛과전자,KOSDAQ,STOCK
069920,엑시온그룹,KOSDAQ,STOCK
070300,엑스큐어,KOSDAQ,STOCK
070590,인티큐브,KOSDAQ,STOCK
071200,인피니트헬스케어,KOSDAQ,STOCK
071280,로체시스템즈,KOSDAQ,STOCK
071670,에이테크솔루션,KOSDAQ,STOCK
071850,캐스텍코리아,KOSDAQ,STOCK
072020,중앙백신,KOSDAQ,STOCK
072470,우리산업홀딩스,KOSDAQ,STOCK
072770,멤레이비티,KOSDAQ,STOCK
072870,메가스터디,KOSDAQ,STOCK
072950,빛샘전자,KOSDAQ,STOCK
072990,에이치시티,KOSDAQ,STOCK
073010,케이에스피,KOSDAQ,STOCK
073110,엘엠에스,KOSDAQ,STOCK
073190,듀오백,KOSDAQ,STOCK
073490,LIG아큐버,KOSDAQ,STOCK
073540,에프알텍,KOSDAQ,STOCK
073560,우리손에프앤지,KOSDAQ,STOCK
073570,리튬포어스,KOSDAQ,STOCK
073640,테라사이언스,KOSDAQ,STOCK
074430,아미노로직스,KOSDAQ,STOCK
074600,원익QnC,KOSDAQ,STOCK
075130,플랜티넷,KOSDAQ,STOCK
075970,동국알앤에스,KOSDAQ,STOCK
076080,웰크론한텍,KOSDAQ,STOCK
076610,해성옵틱스,KOSDAQ,STOCK
077360,덕산하이메탈,KOSDAQ,STOCK
078020,LS증권,KOSDAQ,STOCK
078070,유비쿼스홀딩스,KOSDAQ,STOCK
078130,국일제지,KOSDAQ,STOCK
078140,대봉엘에스,KOSDAQ,STOCK
078150,HB테크놀러지,KOSDAQ,STOCK
078160,메디포스트,KOSDAQ,STOCK
078340,컴투스,KOSDAQ,STOCK
078350,한양디지텍,KOSDAQ,STOCK
078590,휴림에이텍,KOSDAQ,STOCK
078600,대주전자재료,KOSDAQ,STOCK
078860,아이오케이이엔엠,KOSDAQ,STOCK
078890,가온그룹,KOSDAQ,STOCK
079000,와토스코리아,KOSDAQ,STOCK
079170,한창산업,KOSDAQ,STOCK
079190,케스피온,KOSDAQ,STOCK
079370,제우스,KOSDAQ,STOCK
079650,서산,KOSDAQ,STOCK
079810,APS이노베이션,KOSDAQ,STOCK
079940,가비아,KOSDAQ,STOCK
079950,인베니아,KOSDAQ,STOCK
079960,동양이엔피,KOSDAQ,STOCK
079970,투비소프트,KOSDAQ,STOCK
080010,이상네트웍스,KOSDAQ,STOCK
080160,모두투어,KOSDAQ,STOCK
080220,제주반도체,KOSDAQ,STOCK
080420,모다이노칩,KOSDAQ,STOCK
080470,성창오토텍,KOSDAQ,STOCK
080520,오디텍,KOSDAQ,STOCK
080530,코디,KOSDAQ,STOCK
080580,오킨스전자,KOSDAQ,STOCK
080720,한국유니온제약,KOSDAQ,STOCK
081150,티플랙스,KOSDAQ,STOCK
081180,쎄크,KOSDAQ,STOCK
081580,성우전자,KOSDAQ,STOCK
082210,옵트론텍,KOSDAQ,STOCK
082270,젬백스,KOSDAQ,STOCK
082660,코스나인,KOSDAQ,STOCK
082800,비보존 제약,KOSDAQ,STOCK
082850,우리바이오,KOSDAQ,STOCK
082920,비츠로셀,KOSDAQ,STOCK
083310,엘오티베큠,KOSDAQ,STOCK
083450,GST,KOSDAQ,STOCK
083470,이엠앤아이,KOSDAQ,STOCK
083500,에프엔에스테크,KOSDAQ,STOCK
083550,케이엠,KOSDAQ,STOCK
083640,인콘,KOSDAQ,STOCK
083650,비에이치아이,KOSDAQ,STOCK
083660,CSA 코스믹,KOSDAQ,STOCK
083790,CG인바이츠,KOSDAQ,STOCK
083930,아바코,KOSDAQ,STOCK
084110,휴온스글로벌,KOSDAQ,STOCK
084180,수성웹툰,KOSDAQ,STOCK
084370,유진테크,KOSDAQ,STOCK
084440,유비온,KOSDAQ,STOCK
084650,랩지노믹스,KOSDAQ,STOCK
084730,팅크웨어,KOSDAQ,STOCK
084850,아이티엠반도체,KOSDAQ,STOCK
084990,헬릭스미스,KOSDAQ,STOCK
085660,차바이오텍,KOSDAQ,STOCK
085670,뉴프렉스,KOSDAQ,STOCK
085810,알티캐스트,KOSDAQ,STOCK
085910,네오티스,KOSDAQ,STOCK
086040,바이오톡스텍,KOSDAQ,STOCK
086060,진바이오텍,KOSDAQ,STOCK
086390,유니테스트,KOSDAQ,STOCK
086450,동국제약,KOSDAQ,STOCK
086520,에코프로,KOSDAQ,STOCK
086670,비엠티,KOSDAQ,STOCK
086710,선진뷰티사이언스,KOSDAQ,STOCK
086820,바이오솔루션,KOSDAQ,STOCK
086890,이수앱지스,KOSDAQ,STOCK
086900,메디톡스,KOSDAQ,STOCK
086960,MDS테크,KOSDAQ,STOCK
086980,쇼박스,KOSDAQ,STOCK
087010,펩트론,KOSDAQ,STOCK
087260,모바일어플라이언스,KOSDAQ,STOCK
087600,픽셀플러스,KOSDAQ,STOCK
088130,동아엘텍,KOSDAQ,STOCK
088280,쏘닉스,KOSDAQ,STOCK
088290,이원컴포텍,KOSDAQ,STOCK
088340,유라클,KOSDAQ,STOCK
088390,이녹스,KOSDAQ,STOCK
088800,에이스테크,KOSDAQ,STOCK
088910,동우팜투테이블,KOSDAQ,STOCK
089010,켐트로닉스,KOSDAQ,STOCK
089030,테크윙,KOSDAQ,STOCK
089140,넥스턴앤롤코리아,KOSDAQ,STOCK
089150,케이씨티,KOSDAQ,STOCK
089230,THE E&M,KOSDAQ,STOCK
089600,KT나스미디어,KOSDAQ,STOCK
089790,제이티,KOSDAQ,STOCK
089850,유비벨록스,KOSDAQ,STOCK
089890,코세스,KOSDAQ,STOCK
089970,브이엠,KOSDAQ,STOCK
089980,상아프론테크,KOSDAQ,STOCK
090150,아이윈,KOSDAQ,STOCK
090360,로보스타,KOSDAQ,STOCK
090410,덕신이피씨,KOSDAQ,STOCK
090470,제이스로보틱스,KOSDAQ,STOCK
090710,휴림로봇,KOSDAQ,STOCK
090850,현대이지웰,KOSDAQ,STOCK
091120,이엠텍,KOSDAQ,STOCK
091340,S&K폴리텍,KOSDAQ,STOCK
091440,한울소재과학,KOSDAQ,STOCK
091580,상신이디피,KOSDAQ,STOCK
091590,남화토건,KOSDAQ,STOCK
091700,파트론,KOSDAQ,STOCK
091970,LSK아이로봇,KOSDAQ,STOCK
092040,아미코젠,KOSDAQ,STOCK
092070,디엔에프,KOSDAQ,STOCK
092130,이크레더블,KOSDAQ,STOCK
092190,서울바이오시스,KOSDAQ,STOCK
092300,현우산업,KOSDAQ,STOCK
092460,한라IMS,KOSDAQ,STOCK
092600,앤씨앤,KOSDAQ,STOCK
092730,네오팜,KOSDAQ,STOCK
092870,엑시콘,KOSDAQ,STOCK
093190,빅솔론,KOSDAQ,STOCK
093320,케이아이엔엑스,KOSDAQ,STOCK
093380,풍강,KOSDAQ,STOCK
093520,매커스,KOSDAQ,STOCK
093640,케이알엠,KOSDAQ,STOCK
093920,서원인텍,KOSDAQ,STOCK
094170,동운아나텍,KOSDAQ,STOCK
094360,칩스앤미디어,KOSDAQ,STOCK
094480,갤럭시아머니트리,KOSDAQ,STOCK
094820,일진파워,KOSDAQ,STOCK
094840,슈프리마에이치큐,KOSDAQ,STOCK
094850,참좋은여행,KOSDAQ,STOCK
094860,네오리진,KOSDAQ,STOCK
094940,푸른로보틱스,KOSDAQ,STOCK
094970,제이엠티,KOSDAQ,STOCK
095190,신화프리텍,KOSDAQ,STOCK
095270,웨이브일렉트로,KOSDAQ,STOCK
095340,ISC,KOSDAQ,STOCK
095500,미래나노텍,KOSDAQ,STOCK
095610,테스,KOSDAQ,STOCK
095660,네오위즈,KOSDAQ,STOCK
095700,제넥신,KOSDAQ,STOCK
095910,에스에너지,KOSDAQ,STOCK
096240,크레버스,KOSDAQ,STOCK
096250,와이즈넛,KOSDAQ,STOCK
096350,대창솔루션,KOSDAQ,STOCK
096530,씨젠,KOSDAQ,STOCK
096610,알에프세미,KOSDAQ,STOCK
096630,에스코넥,KOSDAQ,STOCK
096690,에이루트,KOSDAQ,STOCK
096870,엘디티,KOSDAQ,STOCK
097780,에코볼트,KOSDAQ,STOCK
097800,윈팩,KOSDAQ,STOCK
097870,효성오앤비,KOSDAQ,STOCK
098070,한텍,KOSDAQ,STOCK
098120,마이크로컨텍솔,KOSDAQ,STOCK
098460,고영,KOSDAQ,STOCK
098660,에스티오,KOSDAQ,STOCK
099190,아이센스,KOSDAQ,STOCK
099220,SDN,KOSDAQ,STOCK
099320,쎄트렉아이,KOSDAQ,STOCK
099390,브레인즈컴퍼니,KOSDAQ,STOCK
099410,동방선기,KOSDAQ,STOCK
099430,바이오플러스,KOSDAQ,STOCK
099440,스맥,KOSDAQ,STOCK
099520,DGI,KOSDAQ,STOCK
099750,이지케어텍,KOSDAQ,STOCK
100030,인지소프트,KOSDAQ,STOCK
100120,뷰웍스,KOSDAQ,STOCK
100130,동국S&C,KOSDAQ,STOCK
100590,머큐리,KOSDAQ,STOCK
100660,서암기계공업,KOSDAQ,STOCK
100700,세운메디칼,KOSDAQ,STOCK
100790,미래에셋벤처투자,KOSDAQ,STOCK
101000,KS인더스트리,KOSDAQ,STOCK
101160,월덱스,KOSDAQ,STOCK
101170,우림피티에스,KOSDAQ,STOCK
101240,씨큐브,KOSDAQ,STOCK
101330,모베이스,KOSDAQ,STOCK
101360,에코앤드림,KOSDAQ,STOCK
101400,엔시트론,KOSDAQ,STOCK
101490,에스앤에스텍,KOSDAQ,STOCK
101670,하이드로리튬,KOSDAQ,STOCK
101680,한국정밀기계,KOSDAQ,STOCK
101730,위메이드맥스,KOSDAQ,STOCK
101930,인화정공,KOSDAQ,STOCK
101970,우양에이치씨,KOSDAQ,STOCK
102120,어보브반도체,KOSDAQ,STOCK
102370,케이옥션,KOSDAQ,STOCK
102710,이엔에프테크놀로지,KOSDAQ,STOCK
102940,코오롱생명과학,KOSDAQ,STOCK
103230,에스앤더블류,KOSDAQ,STOCK
103840,우양,KOSDAQ,STOCK
104040,디에스엠,KOSDAQ,STOCK
104200,NHN벅스,KOSDAQ,STOCK
104460,디와이피엔에프,KOSDAQ,STOCK
104480,티케이케미칼,KOSDAQ,STOCK
104540,코렌텍,KOSDAQ,STOCK
104620,노랑풍선,KOSDAQ,STOCK
104830,원익머트리얼즈,KOSDAQ,STOCK
105330,케이엔더블유,KOSDAQ,STOCK
105550,엣지파운드리,KOSDAQ,STOCK
105740,디케이락,KOSDAQ,STOCK
105760,포스뱅크,KOSDAQ,STOCK
106080,케이이엠텍,KOSDAQ,STOCK
106190,하이텍팜,KOSDAQ,STOCK
106240,파인테크닉스,KOSDAQ,STOCK
107600,새빗켐,KOSDAQ,STOCK
107640,한중엔시에스,KOSDAQ,STOCK
108230,톱텍,KOSDAQ,STOCK
108380,대양전기공업,KOSDAQ,STOCK
108490,로보티즈,KOSDAQ,STOCK
108860,셀바스AI,KOSDAQ,STOCK
109080,옵티시스,KOSDAQ,STOCK
109610,에스와이,KOSDAQ,STOCK
109670,씨싸이트,KOSDAQ,STOCK
109740,디에스케이,KOSDAQ,STOCK
109820,진매트릭스,KOSDAQ,STOCK
109860,동일금속,KOSDAQ,STOCK
109960,앱토크롬,KOSDAQ,STOCK
110020,전진바이오팜,KOSDAQ,STOCK
110790,크리스에프앤씨,KOSDAQ,STOCK
110990,디아이티,KOSDAQ,STOCK
111710,남화산업,KOSDAQ,STOCK
112040,위메이드,KOSDAQ,STOCK
112290,와이씨켐,KOSDAQ,STOCK
113810,디젠스,KOSDAQ,STOCK
114190,강원에너지,KOSDAQ,STOCK
114450,그린생명과학,KOSDAQ,STOCK
114630,폴라리스우노,KOSDAQ,STOCK
114810,한솔아이원스,KOSDAQ,STOCK
114840,아이패밀리에스씨,KOSDAQ,STOCK
115160,휴맥스,KOSDAQ,STOCK
115180,큐리언트,KOSDAQ,STOCK
115310,인포바인,KOSDAQ,STOCK
115440,우리넷,KOSDAQ,STOCK
115450,HLB테라퓨틱스,KOSDAQ,STOCK
115480,씨유메디칼,KOSDAQ,STOCK
115500,케이씨에스,KOSDAQ,STOCK
115530,씨엔플러스,KOSDAQ,STOCK
115570,스타플렉스,KOSDAQ,STOCK
115610,이미지스,KOSDAQ,STOCK
117670,알파칩스,KOSDAQ,STOCK
117730,티로보틱스,KOSDAQ,STOCK
118990,모트렉스,KOSDAQ,STOCK
119500,포메탈,KOSDAQ,STOCK
119610,인터로조,KOSDAQ,STOCK
119830,아이텍,KOSDAQ,STOCK
119850,지엔씨에너지,KOSDAQ,STOCK
120240,대정화금,KOSDAQ,STOCK
121440,골프존홀딩스,KOSDAQ,STOCK
121600,나노신소재,KOSDAQ,STOCK
121800,비덴트,KOSDAQ,STOCK
121850,코이즈,KOSDAQ,STOCK
121890,에스디시스템,KOSDAQ,STOCK
122310,제노레이,KOSDAQ,STOCK
122350,삼기,KOSDAQ,STOCK
122450,KX,KOSDAQ,STOCK
122640,예스티,KOSDAQ,STOCK
122690,서진오토모티브,KOSDAQ,STOCK
122870,와이지엔터테인먼트,KOSDAQ,STOCK
122990,와이솔,KOSDAQ,STOCK
123010,알엔티엑스,KOSDAQ,STOCK
123040,엠에스오토텍,KOSDAQ,STOCK
123330,제닉,KOSDAQ,STOCK
123410,코리아에프티,KOSDAQ,STOCK
123420,위메이드플레이,KOSDAQ,STOCK
123570,이엠넷,KOSDAQ,STOCK
123750,알톤,KOSDAQ,STOCK
123840,뉴온,KOSDAQ,STOCK
123860,아나패스,KOSDAQ,STOCK
124500,아이티센글로벌,KOSDAQ,STOCK
124560,태웅로직스,KOSDAQ,STOCK
125020,티씨머티리얼즈,KOSDAQ,STOCK
125210,아모그린텍,KOSDAQ,STOCK
125490,한라캐스트,KOSDAQ,STOCK
126340,비나텍,KOSDAQ,STOCK
126600,BGF에코머티리얼즈,KOSDAQ,STOCK
126640,화신정공,KOSDAQ,STOCK
126700,하이비젼시스템,KOSDAQ,STOCK
126730,코칩,KOSDAQ,STOCK
126880,제이엔케이글로벌,KOSDAQ,STOCK
127120,제이에스링크,KOSDAQ,STOCK
127710,아시아경제,KOSDAQ,STOCK
127980,화인써키트,KOSDAQ,STOCK
128540,에코캡,KOSDAQ,STOCK
128660,피제이메탈,KOSDAQ,STOCK
129890,앱코,KOSDAQ,STOCK
129920,대성하이텍,KOSDAQ,STOCK
130500,GH신소재,KOSDAQ,STOCK
130580,나이스디앤비,KOSDAQ,STOCK
130740,티피씨글로벌,KOSDAQ,STOCK
131030,옵투스제약,KOSDAQ,STOCK
131090,시큐브,KOSDAQ,STOCK
131100,티엔엔터테인먼트,KOSDAQ,STOCK
131180,딜리,KOSDAQ,STOCK
131220,대한과학,KOSDAQ,STOCK
131290,티에스이,KOSDAQ,STOCK
131370,알서포트,KOSDAQ,STOCK
131400,이브이첨단소재,KOSDAQ,STOCK
131760,파인텍,KOSDAQ,STOCK
131970,두산테스나,KOSDAQ,STOCK
133750,메가엠디,KOSDAQ,STOCK
134060,이퓨쳐,KOSDAQ,STOCK
134580,탑코미디어,KOSDAQ,STOCK
136150,원일티엔아이,KOSDAQ,STOCK
136410,아셈스,KOSDAQ,STOCK
136480,하림,KOSDAQ,STOCK
136540,윈스테크넷,KOSDAQ,STOCK
137080,나래나노텍,KOSDAQ,STOCK
137400,피엔티,KOSDAQ,STOCK
137940,넥스트아이,KOSDAQ,STOCK
137950,제이씨케미칼,KOSDAQ,STOCK
138070,신진에스엠,KOSDAQ,STOCK
138080,오이솔루션,KOSDAQ,STOCK
138360,앤로보틱스,KOSDAQ,STOCK
138610,나이벡,KOSDAQ,STOCK
139670,키네마스터,KOSDAQ,STOCK
140070,서플러스글로벌,KOSDAQ,STOCK
140410,메지온,KOSDAQ,STOCK
140430,카티스,KOSDAQ,STOCK
140520,대창스틸,KOSDAQ,STOCK
140670,알에스오토메이션,KOSDAQ,STOCK
140860,파크시스템스,KOSDAQ,STOCK
141000,비아트론,KOSDAQ,STOCK
141080,리가켐바이오,KOSDAQ,STOCK
142210,유니트론텍,KOSDAQ,STOCK
142280,녹십자엠에스,KOSDAQ,STOCK
142760,모아라이프플러스,KOSDAQ,STOCK
143160,아이디스,KOSDAQ,STOCK
143240,사람인,KOSDAQ,STOCK
143540,영우디에스피,KOSDAQ,STOCK
144510,지씨셀,KOSDAQ,STOCK
144960,뉴파워프라즈마,KOSDAQ,STOCK
145020,휴젤,KOSDAQ,STOCK
145170,노브랜드,KOSDAQ,STOCK
146060,율촌,KOSDAQ,STOCK
146320,비씨엔씨,KOSDAQ,STOCK
147760,피엠티,KOSDAQ,STOCK
147830,제룡산업,KOSDAQ,STOCK
148150,세경하이테크,KOSDAQ,STOCK
148250,알엔투테크놀로지,KOSDAQ,STOCK
148780,비큐AI,KOSDAQ,STOCK
148930,에이치와이티씨,KOSDAQ,STOCK
149950,아바텍,KOSDAQ,STOCK
149980,하이로닉,KOSDAQ,STOCK
150900,파수AI,KOSDAQ,STOCK
151860,KG에코솔루션,KOSDAQ,STOCK
153460,네이블,KOSDAQ,STOCK
153490,우리이앤엘하루틴,KOSDAQ,STOCK
153710,옵티팜,KOSDAQ,STOCK
153890,져스텍,KOSDAQ,STOCK
154030,아시아종묘,KOSDAQ,STOCK
154040,다산솔루에타,KOSDAQ,STOCK
155650,와이엠씨,KOSDAQ,STOCK
156100,엘앤케이바이오,KOSDAQ,STOCK
158430,아톤,KOSDAQ,STOCK
159010,아스플로,KOSDAQ,STOCK
159580,제로투세븐,KOSDAQ,STOCK
159910,에코글로우,KOSDAQ,STOCK
160190,하이젠알앤엠,KOSDAQ,STOCK
160550,NEW,KOSDAQ,STOCK
160980,싸이맥스,KOSDAQ,STOCK
161580,필옵틱스,KOSDAQ,STOCK
162300,신스틸,KOSDAQ,STOCK
163280,에어레인,KOSDAQ,STOCK
163730,핑거,KOSDAQ,STOCK
166090,하나머티리얼즈,KOSDAQ,STOCK
166480,코아스템켐온,KOSDAQ,STOCK
168330,내츄럴엔도텍,KOSDAQ,STOCK
168360,펨트론,KOSDAQ,STOCK
169330,엠브레인,KOSDAQ,STOCK
170030,현대공업,KOSDAQ,STOCK
170790,파이오링크,KOSDAQ,STOCK
170920,엘티씨,KOSDAQ,STOCK
171010,램테크놀러지,KOSDAQ,STOCK
171090,선익시스템,KOSDAQ,STOCK
171120,라이온켐텍,KOSDAQ,STOCK
172670,에이엘티,KOSDAQ,STOCK
173130,오파스넷,KOSDAQ,STOCK
173940,에프엔씨엔터,KOSDAQ,STOCK
174900,앱클론,KOSDAQ,STOCK
175140,아고스,KOSDAQ,STOCK
175250,아이큐어,KOSDAQ,STOCK
176750,듀켐바이오,KOSDAQ,STOCK
177350,베셀,KOSDAQ,STOCK
177830,파버나인,KOSDAQ,STOCK
177900,쓰리에이로직스,KOSDAQ,STOCK
178320,서진시스템,KOSDAQ,STOCK
178780,일월지엠엘,KOSDAQ,STOCK
179290,엠아이텍,KOSDAQ,STOCK
179530,애드바이오텍,KOSDAQ,STOCK
179900,유티아이,KOSDAQ,STOCK
180400,DXVX,KOSDAQ,STOCK
182360,큐브엔터,KOSDAQ,STOCK
182400,엔케이젠바이오텍코리아,KOSDAQ,STOCK
183300,코미코,KOSDAQ,STOCK
183490,엔지켐생명과학,KOSDAQ,STOCK
184230,SGA솔루션즈,KOSDAQ,STOCK
185490,아이진,KOSDAQ,STOCK
186230,그린플러스,KOSDAQ,STOCK
187220,디티앤씨,KOSDAQ,STOCK
187270,신화콘텍,KOSDAQ,STOCK
187420,HLB제넥스,KOSDAQ,STOCK
187660,페니트리움바이오,KOSDAQ,STOCK
187790,나노,KOSDAQ,STOCK
187870,디바이스,KOSDAQ,STOCK
188040,바이오포트,KOSDAQ,STOCK
188260,세니젠,KOSDAQ,STOCK
189300,인텔리안테크,KOSDAQ,STOCK
189330,씨이랩,KOSDAQ,STOCK
189690,포시에스,KOSDAQ,STOCK
189860,서전기전,KOSDAQ,STOCK
189980,흥국에프엔비,KOSDAQ,STOCK
190510,나무가,KOSDAQ,STOCK
190650,코리아에셋투자증권,KOSDAQ,STOCK
191410,육일씨엔에쓰,KOSDAQ,STOCK
191420,테고사이언스,KOSDAQ,STOCK
192250,케이사인,KOSDAQ,STOCK
192390,윈하이텍,KOSDAQ,STOCK
192410,오늘이엔엠,KOSDAQ,STOCK
192440,슈피겐코리아,KOSDAQ,STOCK
193250,링크드,KOSDAQ,STOCK
194480,데브시스터즈,KOSDAQ,STOCK
194700,노바렉스,KOSDAQ,STOCK
195500,마니커에프앤지,KOSDAQ,STOCK
195940,HK이노엔,KOSDAQ,STOCK
195990,루트K,KOSDAQ,STOCK
196170,알테오젠,KOSDAQ,STOCK
196300,HLB펩,KOSDAQ,STOCK
196450,코아시아씨엠,KOSDAQ,STOCK
196490,디에이테크놀로지,KOSDAQ,STOCK
196700,웹스,KOSDAQ,STOCK
197140,디지캡,KOSDAQ,STOCK
198080,캐프,KOSDAQ,STOCK
198440,강동씨앤엘,KOSDAQ,STOCK
198940,한주라이트메탈,KOSDAQ,STOCK
199430,케이엔알시스템,KOSDAQ,STOCK
199480,뱅크웨어글로벌,KOSDAQ,STOCK
199550,레이저옵텍,KOSDAQ,STOCK
199730,바이오인프라,KOSDAQ,STOCK
199800,툴젠,KOSDAQ,STOCK
199820,제일일렉트릭,KOSDAQ,STOCK
200130,콜마비앤에이치,KOSDAQ,STOCK
200230,텔콘RF제약,KOSDAQ,STOCK
200350,아티스트스튜디오,KOSDAQ,STOCK
200470,에이팩트,KOSDAQ,STOCK
200670,휴메딕스,KOSDAQ,STOCK
200710,에이디테크놀로지,KOSDAQ,STOCK
200780,비씨월드제약,KOSDAQ,STOCK
201490,미투온,KOSDAQ,STOCK
203400,에이비온,KOSDAQ,STOCK
203450,유니온바이오메트릭스,KOSDAQ,STOCK
203650,드림시큐리티,KOSDAQ,STOCK
204020,그리티,KOSDAQ,STOCK
204270,제이앤티씨,KOSDAQ,STOCK
204610,티쓰리,KOSDAQ,STOCK
204620,글로벌텍스프리,KOSDAQ,STOCK
204840,지엘팜텍,KOSDAQ,STOCK
205100,엑셈,KOSDAQ,STOCK
205470,휴마시스,KOSDAQ,STOCK
205500,넥써쓰,KOSDAQ,STOCK
206400,베노티앤알,KOSDAQ,STOCK
206560,덱스터,KOSDAQ,STOCK
206640,바디텍메드,KOSDAQ,STOCK
206650,유바이오로직스,KOSDAQ,STOCK
207760,미스터블루,KOSDAQ,STOCK
208140,정다운,KOSDAQ,STOCK
208350,지란지교시큐리티,KOSDAQ,STOCK
208370,셀바스헬스케어,KOSDAQ,STOCK
208640,썸에이지,KOSDAQ,STOCK
208710,포톤,KOSDAQ,STOCK
208860,다산디엠씨,KOSDAQ,STOCK
209640,와이제이링크,KOSDAQ,STOCK
210120,캔버스엔,KOSDAQ,STOCK
211050,인카금융서비스,KOSDAQ,STOCK
211270,AP위성,KOSDAQ,STOCK
212560,네오오토,KOSDAQ,STOCK
212710,아이에스티이,KOSDAQ,STOCK
213420,덕산네오룩스,KOSDAQ,STOCK
214150,클래시스,KOSDAQ,STOCK
214180,헥토이노베이션,KOSDAQ,STOCK
214260,라파스,KOSDAQ,STOCK
214270,FSN,KOSDAQ,STOCK
214370,케어젠,KOSDAQ,STOCK
214430,아이쓰리시스템,KOSDAQ,STOCK
214450,파마리서치,KOSDAQ,STOCK
214610,롤링스톤,KOSDAQ,STOCK
214680,디알텍,KOSDAQ,STOCK
215000,골프존,KOSDAQ,STOCK
215090,솔디펜스,KOSDAQ,STOCK
215100,로보로보,KOSDAQ,STOCK
215200,메가스터디교육,KOSDAQ,STOCK
215360,우리산업,KOSDAQ,STOCK
215380,콜마바이오텍,KOSDAQ,STOCK
215480,토박스코리아,KOSDAQ,STOCK
215600,신라젠,KOSDAQ,STOCK
215790,이노인스트루먼트,KOSDAQ,STOCK
216050,인크로스,KOSDAQ,STOCK
216080,제테마,KOSDAQ,STOCK
217190,제너셈,KOSDAQ,STOCK
217270,넵튠,KOSDAQ,STOCK
217330,싸이토젠,KOSDAQ,STOCK
217480,에스디생명공학,KOSDAQ,STOCK
217500,러셀,KOSDAQ,STOCK
217730,강스템바이오텍,KOSDAQ,STOCK
217820,원익피앤이,KOSDAQ,STOCK
218150,미래생명자원,KOSDAQ,STOCK
218410,RFHIC,KOSDAQ,STOCK
219130,타이거일렉,KOSDAQ,STOCK
219420,링크제니시스,KOSDAQ,STOCK
219550,디와이디,KOSDAQ,STOCK
219750,한국비티비,KOSDAQ,STOCK
220100,퓨쳐켐,KOSDAQ,STOCK
220180,핸디소프트,KOSDAQ,STOCK
220260,켐트로스,KOSDAQ,STOCK
221800,지구홀딩스,KOSDAQ,STOCK
221840,하이즈항공,KOSDAQ,STOCK
221980,케이디켐,KOSDAQ,STOCK
222040,코스맥스엔비티,KOSDAQ,STOCK
222080,SFA넥셀,KOSDAQ,STOCK
222110,팬젠,KOSDAQ,STOCK
222420,쎄노텍,KOSDAQ,STOCK
222800,심텍,KOSDAQ,STOCK
222980,한국맥널티,KOSDAQ,STOCK
223250,드림씨아이에스,KOSDAQ,STOCK
223310,사토시홀딩스,KOSDAQ,STOCK
224060,더코디,KOSDAQ,STOCK
224110,에이텍모빌리티,KOSDAQ,STOCK
225190,LK삼양,KOSDAQ,STOCK
225220,제놀루션,KOSDAQ,STOCK
225430,케이엠제약,KOSDAQ,STOCK
225530,HC보광산업,KOSDAQ,STOCK
225570,넥슨게임즈,KOSDAQ,STOCK
225590,패션플랫폼,KOSDAQ,STOCK
226330,신테카바이오,KOSDAQ,STOCK
226340,본느,KOSDAQ,STOCK
226400,오스테오닉,KOSDAQ,STOCK
226590,엠디바이스,KOSDAQ,STOCK
226950,올릭스,KOSDAQ,STOCK
227610,아우딘퓨쳐스,KOSDAQ,STOCK
227950,엔투텍,KOSDAQ,STOCK
228340,동양파일,KOSDAQ,STOCK
228670,레이,KOSDAQ,STOCK
228760,지노믹트리,KOSDAQ,STOCK
228850,레이언스,KOSDAQ,STOCK
229000,젠큐릭스,KOSDAQ,STOCK
230240,에치에프알,KOSDAQ,STOCK
232140,와이씨,KOSDAQ,STOCK
232680,라온로보틱스,KOSDAQ,STOCK
232830,아이티센피엔에스,KOSDAQ,STOCK
234030,싸이닉솔루션,KOSDAQ,STOCK
234100,폴라리스세원,KOSDAQ,STOCK
234300,에스트래픽,KOSDAQ,STOCK
234340,헥토파이낸셜,KOSDAQ,STOCK
234690,녹십자웰빙,KOSDAQ,STOCK
234920,자이글,KOSDAQ,STOCK
235980,메드팩토,KOSDAQ,STOCK
236200,슈프리마,KOSDAQ,STOCK
236810,엔비티,KOSDAQ,STOCK
237690,에스티팜,KOSDAQ,STOCK
237750,피앤씨테크,KOSDAQ,STOCK
237820,플레이디,KOSDAQ,STOCK
237880,클리오,KOSDAQ,STOCK
238090,앤디포스,KOSDAQ,STOCK
238120,얼라인드,KOSDAQ,STOCK
238200,비피도,KOSDAQ,STOCK
238490,힘스,KOSDAQ,STOCK
239340,이스트에이드,KOSDAQ,STOCK
239610,에이치엘사이언스,KOSDAQ,STOCK
239890,피엔에이치테크,KOSDAQ,STOCK
240550,동방메디컬,KOSDAQ,STOCK
240600,유진테크놀로지,KOSDAQ,STOCK
240810,원익IPS,KOSDAQ,STOCK
241520,DSC인베스트먼트,KOSDAQ,STOCK
241690,유니테크노,KOSDAQ,STOCK
241710,코스메카코리아,KOSDAQ,STOCK
241770,메카로,KOSDAQ,STOCK
241790,티이엠씨씨엔에스,KOSDAQ,STOCK
241820,피씨엘,KOSDAQ,STOCK
241840,에이스토리,KOSDAQ,STOCK
242040,나무기술,KOSDAQ,STOCK
243070,휴온스,KOSDAQ,STOCK
243840,신흥에스이씨,KOSDAQ,STOCK
244460,올리패스,KOSDAQ,STOCK
245620,EDGC,KOSDAQ,STOCK
246250,에스엘에스바이오,KOSDAQ,STOCK
246690,TS인베스트먼트,KOSDAQ,STOCK
246710,티앤알바이오팹,KOSDAQ,STOCK
246720,아스타,KOSDAQ,STOCK
246960,SCL사이언스,KOSDAQ,STOCK
247540,에코프로비엠,KOSDAQ,STOCK
247660,나노씨엠에스,KOSDAQ,STOCK
250000,보라티알,KOSDAQ,STOCK
250060,모비스,KOSDAQ,STOCK
250930,예선테크,KOSDAQ,STOCK
251120,바이오에프디엔씨,KOSDAQ,STOCK
251370,와이엠티,KOSDAQ,STOCK
251630,브이원텍,KOSDAQ,STOCK
251970,펌텍코리아,KOSDAQ,STOCK
252500,세화피앤씨,KOSDAQ,STOCK
252990,샘씨엔에스,KOSDAQ,STOCK
253450,스튜디오드래곤,KOSDAQ,STOCK
253590,네오셈,KOSDAQ,STOCK
253840,수젠텍,KOSDAQ,STOCK
254120,자비스,KOSDAQ,STOCK
254490,미래반도체,KOSDAQ,STOCK
255220,SG,KOSDAQ,STOCK
255440,야스,KOSDAQ,STOCK
256150,한독크린텍,KOSDAQ,STOCK
256630,포인트엔지니어링,KOSDAQ,STOCK
256840,한국비엔씨,KOSDAQ,STOCK
256940,킵스파마,KOSDAQ,STOCK
257370,피엔티엠에스,KOSDAQ,STOCK
257720,실리콘투,KOSDAQ,STOCK
258610,케일럼,KOSDAQ,STOCK
258790,소프트캠프,KOSDAQ,STOCK
258830,세종메디칼,KOSDAQ,STOCK
259630,엠플러스,KOSDAQ,STOCK
260660,알리코제약,KOSDAQ,STOCK
260930,씨티케이,KOSDAQ,STOCK
260970,에스앤디,KOSDAQ,STOCK
261200,덴티스,KOSDAQ,STOCK
261520,이지스,KOSDAQ,STOCK
261780,아리바이오랩,KOSDAQ,STOCK
262260,에이프로,KOSDAQ,STOCK
262840,아이퀘스트,KOSDAQ,STOCK
263020,디케이앤디,KOSDAQ,STOCK
263050,유틸렉스,KOSDAQ,STOCK
263600,덕우전자,KOSDAQ,STOCK
263690,디알젬,KOSDAQ,STOCK
263700,케어랩스,KOSDAQ,STOCK
263720,디앤씨미디어,KOSDAQ,STOCK
263750,펄어비스,KOSDAQ,STOCK
263770,유에스티,KOSDAQ,STOCK
263800,데이타솔루션,KOSDAQ,STOCK
263810,상신전자,KOSDAQ,STOCK
263860,지니언스,KOSDAQ,STOCK
263920,휴엠앤씨,KOSDAQ,STOCK
264450,유비쿼스,KOSDAQ,STOCK
264660,씨앤지하이테크,KOSDAQ,STOCK
264850,이랜시스,KOSDAQ,STOCK
265520,AP시스템,KOSDAQ,STOCK
265560,영화테크,KOSDAQ,STOCK
265740,엔에프씨,KOSDAQ,STOCK
267320,나인테크,KOSDAQ,STOCK
267790,배럴,KOSDAQ,STOCK
267980,매일유업,KOSDAQ,STOCK
269620,시스웍,KOSDAQ,STOCK
270520,앱튼,KOSDAQ,STOCK
270660,에브리봇,KOSDAQ,STOCK
270870,뉴트리,KOSDAQ,STOCK
271830,팸텍,KOSDAQ,STOCK
272110,케이엔제이,KOSDAQ,STOCK
272290,이녹스첨단소재,KOSDAQ,STOCK
273060,와이즈버즈,KOSDAQ,STOCK
273640,와이엠텍,KOSDAQ,STOCK
274090,켄코아에어로스페이스,KOSDAQ,STOCK
274400,이노시뮬레이션,KOSDAQ,STOCK
275630,에스에스알,KOSDAQ,STOCK
276040,스코넥,KOSDAQ,STOCK
276730,한울앤제주,KOSDAQ,STOCK
277070,린드먼아시아,KOSDAQ,STOCK
277410,인산가,KOSDAQ,STOCK
277810,레인보우로보틱스,KOSDAQ,STOCK
277880,티에스아이,KOSDAQ,STOCK
278280,천보,KOSDAQ,STOCK
278650,HLB바이오스텝,KOSDAQ,STOCK
279600,미디어젠,KOSDAQ,STOCK
281740,레이크머티리얼즈,KOSDAQ,STOCK
282720,금양그린파워,KOSDAQ,STOCK
282880,코윈테크,KOSDAQ,STOCK
284620,카이노스메드,KOSDAQ,STOCK
285490,노바텍,KOSDAQ,STOCK
285800,진영,KOSDAQ,STOCK
286750,나노실리칸첨단소재,KOSDAQ,STOCK
287840,인투셀,KOSDAQ,STOCK
288180,케이피항공산업,KOSDAQ,STOCK
288330,파라택시스코리아,KOSDAQ,STOCK
288620,에스프리즘,KOSDAQ,STOCK
288980,모아데이타,KOSDAQ,STOCK
289010,아이스크림에듀,KOSDAQ,STOCK
289080,SV인베스트먼트,KOSDAQ,STOCK
289220,자이언트스텝,KOSDAQ,STOCK
289930,웨이비스,KOSDAQ,STOCK
290090,트윔,KOSDAQ,STOCK
290120,DH오토리드,KOSDAQ,STOCK
290270,휴네시온,KOSDAQ,STOCK
290520,신도기연,KOSDAQ,STOCK
290550,디케이티,KOSDAQ,STOCK
290560,파라택시스이더리움,KOSDAQ,STOCK
290650,엘앤씨바이오,KOSDAQ,STOCK
290660,다이나믹솔루션,KOSDAQ,STOCK
290670,대보마그네틱,KOSDAQ,STOCK
290690,소룩스,KOSDAQ,STOCK
290720,푸드나무,KOSDAQ,STOCK
290740,액트로,KOSDAQ,STOCK
291230,엔피,KOSDAQ,STOCK
291650,압타머사이언스,KOSDAQ,STOCK
291810,핀텔,KOSDAQ,STOCK
293490,카카오게임즈,KOSDAQ,STOCK
293580,나우IB,KOSDAQ,STOCK
293780,압타바이오,KOSDAQ,STOCK
294090,이오플로우,KOSDAQ,STOCK
294140,레몬,KOSDAQ,STOCK
294570,쿠콘,KOSDAQ,STOCK
294630,서남,KOSDAQ,STOCK
295310,에이치브이엠,KOSDAQ,STOCK
296640,이노에이엑스,KOSDAQ,STOCK
297090,씨에스베어링,KOSDAQ,STOCK
297570,아틀라스링크,KOSDAQ,STOCK
297890,HB솔루션,KOSDAQ,STOCK
298060,풍전약품,KOSDAQ,STOCK
298380,에이비엘바이오,KOSDAQ,STOCK
298540,더네이쳐홀딩스,KOSDAQ,STOCK
298830,슈어소프트테크,KOSDAQ,STOCK
299030,하나기술,KOSDAQ,STOCK
299170,더블유에스아이,KOSDAQ,STOCK
299660,셀리드,KOSDAQ,STOCK
299900,위지윅스튜디오,KOSDAQ,STOCK
300080,플리토,KOSDAQ,STOCK
300120,라온피플,KOSDAQ,STOCK
301300,바이브컴퍼니,KOSDAQ,STOCK
302430,이노메트리,KOSDAQ,STOCK
302550,리메드,KOSDAQ,STOCK
303030,지니틱스,KOSDAQ,STOCK
303360,프로티아,KOSDAQ,STOCK
303530,이노뎁,KOSDAQ,STOCK
303810,동국생명과학,KOSDAQ,STOCK
304100,솔트룩스,KOSDAQ,STOCK
304360,에스바이오메딕스,KOSDAQ,STOCK
304840,피플바이오,KOSDAQ,STOCK
305090,마이크로디지탈,KOSDAQ,STOCK
306040,에스제이그룹,KOSDAQ,STOCK
306620,지아이에스,KOSDAQ,STOCK
307180,아이엘,KOSDAQ,STOCK
307280,원바이오젠,KOSDAQ,STOCK
307750,국전,KOSDAQ,STOCK
307870,비투엔,KOSDAQ,STOCK
307930,컴퍼니케이,KOSDAQ,STOCK
308080,바이젠셀,KOSDAQ,STOCK
308100,형지글로벌,KOSDAQ,STOCK
308430,셀비온,KOSDAQ,STOCK
309710,아이티켐,KOSDAQ,STOCK
309930,조이웍스앤코,KOSDAQ,STOCK
309960,LB인베스트먼트,KOSDAQ,STOCK
310200,애니플러스,KOSDAQ,STOCK
310210,보로노이,KOSDAQ,STOCK
310870,디와이씨,KOSDAQ,STOCK
311320,지오엘리먼트,KOSDAQ,STOCK
311390,네오크레마,KOSDAQ,STOCK
311690,CJ 바이오사이언스,KOSDAQ,STOCK
312610,에이에프더블류,KOSDAQ,STOCK
313760,캐리,KOSDAQ,STOCK
314130,지놈앤컴퍼니,KOSDAQ,STOCK
314140,알피바이오,KOSDAQ,STOCK
314930,바이오다인,KOSDAQ,STOCK
315640,딥노이드,KOSDAQ,STOCK
317120,라닉스,KOSDAQ,STOCK
317240,TS트릴리온,KOSDAQ,STOCK
317330,덕산테코피아,KOSDAQ,STOCK
317530,에피소드컴퍼니,KOSDAQ,STOCK
317690,퀀타매트릭스,KOSDAQ,STOCK
317770,엑스페릭스,KOSDAQ,STOCK
317830,에스피시스템스,KOSDAQ,STOCK
317850,대모,KOSDAQ,STOCK
317870,엔바이오니아,KOSDAQ,STOCK
318000,KBG,KOSDAQ,STOCK
318010,팜스빌,KOSDAQ,STOCK
318020,포인트모바일,KOSDAQ,STOCK
318060,그래피,KOSDAQ,STOCK
318160,셀바이오휴먼텍,KOSDAQ,STOCK
318410,비비씨,KOSDAQ,STOCK
319400,현대무벡스,KOSDAQ,STOCK
319660,피에스케이,KOSDAQ,STOCK
320000,한울반도체,KOSDAQ,STOCK
321260,프로이천,KOSDAQ,STOCK
321370,센서뷰,KOSDAQ,STOCK
321550,티움바이오,KOSDAQ,STOCK
321820,아티스트컴퍼니,KOSDAQ,STOCK
322180,LS티라유텍,KOSDAQ,STOCK
322310,오로스테크놀로지,KOSDAQ,STOCK
322510,제이엘케이,KOSDAQ,STOCK
322780,코퍼스코리아,KOSDAQ,STOCK
323280,태성,KOSDAQ,STOCK
323350,다원넥스뷰,KOSDAQ,STOCK
323990,박셀바이오,KOSDAQ,STOCK
327260,RF머트리얼즈,KOSDAQ,STOCK
328130,루닛,KOSDAQ,STOCK
328380,솔트웨어,KOSDAQ,STOCK
330350,위더스제약,KOSDAQ,STOCK
330730,스톤브릿지벤처스,KOSDAQ,STOCK
330860,네패스아크,KOSDAQ,STOCK
331380,포커스에이아이,KOSDAQ,STOCK
331520,밸로프,KOSDAQ,STOCK
331740,아우토크립트,KOSDAQ,STOCK
331920,셀레믹스,KOSDAQ,STOCK
332290,누보,KOSDAQ,STOCK
332370,아이디피,KOSDAQ,STOCK
332570,PS일렉트로닉스,KOSDAQ,STOCK
333050,이노테나,KOSDAQ,STOCK
333430,일승,KOSDAQ,STOCK
333620,엔시스,KOSDAQ,STOCK
334970,프레스티지바이오로직스,KOSDAQ,STOCK
335810,프리시젼바이오,KOSDAQ,STOCK
335870,윙스풋,KOSDAQ,STOCK
336060,웨이버스,KOSDAQ,STOCK
336570,원텍,KOSDAQ,STOCK
336680,탑런토탈솔루션,KOSDAQ,STOCK
337930,젝시믹스,KOSDAQ,STOCK
338220,뷰노,KOSDAQ,STOCK
338840,와이바이오로직스,KOSDAQ,STOCK
339950,아이비김영,KOSDAQ,STOCK
340360,다보링크,KOSDAQ,STOCK
340440,세림B&G,KOSDAQ,STOCK
340450,지씨지놈,KOSDAQ,STOCK
340570,티앤엘,KOSDAQ,STOCK
340810,시선AI,KOSDAQ,STOCK
340930,성원에너텍,KOSDAQ,STOCK
342870,오아,KOSDAQ,STOCK
344860,이노진,KOSDAQ,STOCK
347000,센코,KOSDAQ,STOCK
347700,스피어,KOSDAQ,STOCK
347740,피엔케이피부임상연구센타,KOSDAQ,STOCK
347770,핌스,KOSDAQ,STOCK
347850,디앤디파마텍,KOSDAQ,STOCK
347860,알체라,KOSDAQ,STOCK
347890,엠엑스온,KOSDAQ,STOCK
348030,모비릭스,KOSDAQ,STOCK
348080,큐라티스,KOSDAQ,STOCK
348150,고바이오랩,KOSDAQ,STOCK
348210,넥스틴,KOSDAQ,STOCK
348340,뉴로메카,KOSDAQ,STOCK
348350,위드텍,KOSDAQ,STOCK
348370,엔켐,KOSDAQ,STOCK
351320,넥사다이내믹스,KOSDAQ,STOCK
351330,이삭엔지니어링,KOSDAQ,STOCK
351870,차이커뮤니케이션,KOSDAQ,STOCK
352090,스톰테크,KOSDAQ,STOCK
352480,씨앤씨인터내셔널,KOSDAQ,STOCK
352700,씨앤투스,KOSDAQ,STOCK
352770,셀레스트라,KOSDAQ,STOCK
352910,오비고,KOSDAQ,STOCK
352940,인바이오,KOSDAQ,STOCK
353190,휴럼,KOSDAQ,STOCK
353590,오토앤,KOSDAQ,STOCK
353810,이지바이오,KOSDAQ,STOCK
354200,엔젠바이오,KOSDAQ,STOCK
354320,알멕,KOSDAQ,STOCK
355150,코스텍시스,KOSDAQ,STOCK
355390,크라우드웍스,KOSDAQ,STOCK
355690,에이텀,KOSDAQ,STOCK
356680,엑스게이트,KOSDAQ,STOCK
356860,티엘비,KOSDAQ,STOCK
356890,싸이버원,KOSDAQ,STOCK
357230,에이치피오,KOSDAQ,STOCK
357550,석경에이티,KOSDAQ,STOCK
357580,아모센스,KOSDAQ,STOCK
357780,솔브레인,KOSDAQ,STOCK
357880,SKAI,KOSDAQ,STOCK
358570,지아이이노베이션,KOSDAQ,STOCK
359090,씨엔알리서치,KOSDAQ,STOCK
360070,탑머티리얼,KOSDAQ,STOCK
360350,코셈,KOSDAQ,STOCK
361390,제노코,KOSDAQ,STOCK
361570,알비더블유,KOSDAQ,STOCK
361670,삼영에스앤씨,KOSDAQ,STOCK
362320,청담글로벌,KOSDAQ,STOCK
362990,드림인사이트,KOSDAQ,STOCK
363250,진시스템,KOSDAQ,STOCK
363260,모비데이즈,KOSDAQ,STOCK
364950,에이아이코리아,KOSDAQ,STOCK
365270,큐라클,KOSDAQ,STOCK
365330,에스와이스틸텍,KOSDAQ,STOCK
365340,성일하이텍,KOSDAQ,STOCK
365590,하이딥,KOSDAQ,STOCK
365660,레몬헬스케어,KOSDAQ,STOCK
365900,브이씨,KOSDAQ,STOCK
366030,나인앤컴퍼니,KOSDAQ,STOCK
367000,플래티어,KOSDAQ,STOCK
368600,아이씨에이치,KOSDAQ,STOCK
368770,파이버프로,KOSDAQ,STOCK
368970,오에스피,KOSDAQ,STOCK
369370,블리츠웨이엔터테인먼트,KOSDAQ,STOCK
370090,퓨런티어,KOSDAQ,STOCK
371950,풍원정밀,KOSDAQ,STOCK
372170,윤성에프앤씨,KOSDAQ,STOCK
372320,큐로셀,KOSDAQ,STOCK
372800,아이티아이즈,KOSDAQ,STOCK
373110,엑셀세라퓨틱스,KOSDAQ,STOCK
373160,데이원컴퍼니,KOSDAQ,STOCK
373170,엠아이큐브솔루션,KOSDAQ,STOCK
373200,엑스플러스,KOSDAQ,STOCK
376180,피코그램,KOSDAQ,STOCK
376270,HEM파마,KOSDAQ,STOCK
376290,씨유테크,KOSDAQ,STOCK
376300,디어유,KOSDAQ,STOCK
376900,로킷헬스케어,KOSDAQ,STOCK
376930,노을,KOSDAQ,STOCK
376980,원티드랩,KOSDAQ,STOCK
377030,비트맥스,KOSDAQ,STOCK
377220,프롬바이오,KOSDAQ,STOCK
377330,이지트로닉스,KOSDAQ,STOCK
377450,리파인,KOSDAQ,STOCK
377460,큐에이드,KOSDAQ,STOCK
377480,마음AI,KOSDAQ,STOCK
378340,필에너지,KOSDAQ,STOCK
378800,샤페론,KOSDAQ,STOCK
380540,옵티코어,KOSDAQ,STOCK
380550,뉴로핏,KOSDAQ,STOCK
381620,제닉스로보틱스,KOSDAQ,STOCK
382150,온코크로스,KOSDAQ,STOCK
382480,지아이텍,KOSDAQ,STOCK
382800,지앤비에스 에코,KOSDAQ,STOCK
382840,원준,KOSDAQ,STOCK
382900,범한퓨얼셀,KOSDAQ,STOCK
383310,에코프로에이치엔,KOSDAQ,STOCK
383930,디티앤씨알오,KOSDAQ,STOCK
384470,코어라인소프트,KOSDAQ,STOCK
387570,파인메딕스,KOSDAQ,STOCK
387690,레메디,KOSDAQ,STOCK
388050,지투파워,KOSDAQ,STOCK
388210,씨엠티엑스,KOSDAQ,STOCK
388610,지에프씨생명과학,KOSDAQ,STOCK
388720,유일로보틱스,KOSDAQ,STOCK
388790,라이콤,KOSDAQ,STOCK
388870,파로스아이바이오,KOSDAQ,STOCK
389020,자람테크놀로지,KOSDAQ,STOCK
389030,지니너스,KOSDAQ,STOCK
389140,포바이포,KOSDAQ,STOCK
389260,대명에너지,KOSDAQ,STOCK
389470,인벤티지랩,KOSDAQ,STOCK
389500,에스비비테크,KOSDAQ,STOCK
389650,넥스트바이오메디컬,KOSDAQ,STOCK
389680,유디엠텍,KOSDAQ,STOCK
391710,코닉오토메이션,KOSDAQ,STOCK
393210,토마토시스템,KOSDAQ,STOCK
393890,더블유씨피,KOSDAQ,STOCK
393970,대진첨단소재,KOSDAQ,STOCK
394280,오픈엣지테크놀로지,KOSDAQ,STOCK
394420,리센스메디컬,KOSDAQ,STOCK
394800,쓰리빌리언,KOSDAQ,STOCK
396270,넥스트칩,KOSDAQ,STOCK
396300,세아메카닉스,KOSDAQ,STOCK
396470,워트,KOSDAQ,STOCK
397030,에이프릴바이오,KOSDAQ,STOCK
397810,애드포러스,KOSDAQ,STOCK
398120,에스지헬스케어,KOSDAQ,STOCK
399720,가온칩스,KOSDAQ,STOCK
402030,코난테크놀로지,KOSDAQ,STOCK
402490,그린리소스,KOSDAQ,STOCK
403490,우듬지팜,KOSDAQ,STOCK
403850,더핑크퐁컴퍼니,KOSDAQ,STOCK
403870,HPSP,KOSDAQ,STOCK
405000,플라즈맵,KOSDAQ,STOCK
405100,큐알티,KOSDAQ,STOCK
405920,나라셀라,KOSDAQ,STOCK
406820,뷰티스킨,KOSDAQ,STOCK
407400,꿈비,KOSDAQ,STOCK
408470,한패스,KOSDAQ,STOCK
408900,스튜디오미르,KOSDAQ,STOCK
408920,메쎄이상,KOSDAQ,STOCK
411080,샌즈랩,KOSDAQ,STOCK
412350,레이저쎌,KOSDAQ,STOCK
412540,제일엠앤에스,KOSDAQ,STOCK
413390,엠오티,KOSDAQ,STOCK
413630,씨피시스템,KOSDAQ,STOCK
413640,비아이매트릭스,KOSDAQ,STOCK
415380,스튜디오삼익,KOSDAQ,STOCK
416180,신성에스티,KOSDAQ,STOCK
417010,나노팀,KOSDAQ,STOCK
417180,핑거스토리,KOSDAQ,STOCK
417200,LS머트리얼즈,KOSDAQ,STOCK
417500,제이아이테크,KOSDAQ,STOCK
417790,트루엔,KOSDAQ,STOCK
417840,저스템,KOSDAQ,STOCK
417860,오브젠,KOSDAQ,STOCK
417970,모델솔루션,KOSDAQ,STOCK
418250,시큐레터,KOSDAQ,STOCK
418420,라온텍,KOSDAQ,STOCK
418470,KT밀리의서재,KOSDAQ,STOCK
418550,제이오,KOSDAQ,STOCK
418620,E8,KOSDAQ,STOCK
419050,삼기에너지솔루션즈,KOSDAQ,STOCK
419080,엔젯,KOSDAQ,STOCK
419120,산돌,KOSDAQ,STOCK
419530,SAMG엔터,KOSDAQ,STOCK
419540,비스토스,KOSDAQ,STOCK
420570,제이투케이바이오,KOSDAQ,STOCK
420770,기가비스,KOSDAQ,STOCK
424760,벨로크,KOSDAQ,STOCK
424870,이뮨온시아,KOSDAQ,STOCK
424960,스마트레이더시스템,KOSDAQ,STOCK
424980,마이크로투나노,KOSDAQ,STOCK
425040,티이엠씨,KOSDAQ,STOCK
425420,티에프이,KOSDAQ,STOCK
429270,시지트로닉스,KOSDAQ,STOCK
430690,한싹,KOSDAQ,STOCK
431190,케이쓰리아이,KOSDAQ,STOCK
432430,와이랩,KOSDAQ,STOCK
432470,케이엔에스,KOSDAQ,STOCK
432720,퀄리타스반도체,KOSDAQ,STOCK
432980,엠에프씨,KOSDAQ,STOCK
434480,모니터랩,KOSDAQ,STOCK
435570,에르코스,KOSDAQ,STOCK
437730,삼현,KOSDAQ,STOCK
438700,버넥트,KOSDAQ,STOCK
439090,마녀공장,KOSDAQ,STOCK
439580,블루엠텍,KOSDAQ,STOCK
439960,코스모로보틱스,KOSDAQ,STOCK
440110,파두,KOSDAQ,STOCK
440290,HB인베스트먼트,KOSDAQ,STOCK
440320,오픈놀,KOSDAQ,STOCK
441270,파인엠텍,KOSDAQ,STOCK
443250,레뷰코퍼레이션,KOSDAQ,STOCK
443670,에스피소프트,KOSDAQ,STOCK
444530,심플랫폼,KOSDAQ,STOCK
445090,에이직랜드,KOSDAQ,STOCK
445180,퓨릿,KOSDAQ,STOCK
445680,큐리옥스바이오시스템즈,KOSDAQ,STOCK
446540,메가터치,KOSDAQ,STOCK
446840,지슨,KOSDAQ,STOCK
448280,에코아이,KOSDAQ,STOCK
448710,코츠테크놀로지,KOSDAQ,STOCK
448900,한국피아이엠,KOSDAQ,STOCK
450330,하스,KOSDAQ,STOCK
450520,인스웨이브,KOSDAQ,STOCK
450950,아스테라시스,KOSDAQ,STOCK
451220,아이엠티,KOSDAQ,STOCK
451250,삐아,KOSDAQ,STOCK
451760,컨텍,KOSDAQ,STOCK
452160,제이엔비,KOSDAQ,STOCK
452190,한빛레이저,KOSDAQ,STOCK
452200,민테크,KOSDAQ,STOCK
452280,한선엔지니어링,KOSDAQ,STOCK
452300,캡스톤파트너스,KOSDAQ,STOCK
452400,이닉스,KOSDAQ,STOCK
452430,사피엔반도체,KOSDAQ,STOCK
452450,피아이이,KOSDAQ,STOCK
453450,그리드위즈,KOSDAQ,STOCK
453860,에이에스텍,KOSDAQ,STOCK
455180,케이지에이,KOSDAQ,STOCK
455900,엔젤로보틱스,KOSDAQ,STOCK
456010,아이씨티케이,KOSDAQ,STOCK
456070,이엔셀,KOSDAQ,STOCK
456160,지투지바이오,KOSDAQ,STOCK
457370,한켐,KOSDAQ,STOCK
457550,우진엔텍,KOSDAQ,STOCK
457600,벡트,KOSDAQ,STOCK
458350,에스팀,KOSDAQ,STOCK
458650,성우,KOSDAQ,STOCK
458870,씨어스,KOSDAQ,STOCK
459100,위츠,KOSDAQ,STOCK
459510,나우로보틱스,KOSDAQ,STOCK
459550,알트,KOSDAQ,STOCK
460470,아이빔테크놀로지,KOSDAQ,STOCK
460870,에스엠씨지,KOSDAQ,STOCK
460930,현대힘스,KOSDAQ,STOCK
460940,피앤에스로보틱스,KOSDAQ,STOCK
461030,아이엠비디엑스,KOSDAQ,STOCK
461300,아이스크림미디어,KOSDAQ,STOCK
462310,뉴키즈온,KOSDAQ,STOCK
462350,이노스페이스,KOSDAQ,STOCK
462510,라메디텍,KOSDAQ,STOCK
462860,더즌,KOSDAQ,STOCK
462980,아이지넷,KOSDAQ,STOCK
463020,뉴엔AI,KOSDAQ,STOCK
463480,모티브링크,KOSDAQ,STOCK
464080,에스오에스랩,KOSDAQ,STOCK
464280,티디에스팜,KOSDAQ,STOCK
464490,쿼드메디슨,KOSDAQ,STOCK
464500,아이언디바이스,KOSDAQ,STOCK
464580,닷밀,KOSDAQ,STOCK
465320,교보15호스팩,KOSDAQ,STOCK
465480,인스피언,KOSDAQ,STOCK
466100,클로봇,KOSDAQ,STOCK
466410,사이냅소프트,KOSDAQ,STOCK
466690,키움히어로제1호스팩,KOSDAQ,STOCK
467930,IBKS제23호스팩,KOSDAQ,STOCK
468530,프로티나,KOSDAQ,STOCK
468760,유진스팩10호,KOSDAQ,STOCK
469480,IBKS제24호스팩,KOSDAQ,STOCK
469610,이노테크,KOSDAQ,STOCK
469750,아이비젼웍스,KOSDAQ,STOCK
469880,하나30호스팩,KOSDAQ,STOCK
469900,하나31호스팩,KOSDAQ,STOCK
471050,대신밸런스제17호스팩,KOSDAQ,STOCK
471820,셀로맥스사이언스,KOSDAQ,STOCK
472220,신영스팩10호,KOSDAQ,STOCK
472230,에스케이증권제11호스팩,KOSDAQ,STOCK
472850,폰드그룹,KOSDAQ,STOCK
473000,에스케이증권제12호스팩,KOSDAQ,STOCK
473050,유안타제15호스팩,KOSDAQ,STOCK
473950,에스케이증권제13호스팩,KOSDAQ,STOCK
473980,노머스,KOSDAQ,STOCK
474170,루미르,KOSDAQ,STOCK
474490,유안타제16호스팩,KOSDAQ,STOCK
474610,RF시스템즈,KOSDAQ,STOCK
474650,링크솔루션,KOSDAQ,STOCK
474660,신한제12호스팩,KOSDAQ,STOCK
474930,신한제13호스팩,KOSDAQ,STOCK
475040,스트라드비젼,KOSDAQ,STOCK
475230,엔알비,KOSDAQ,STOCK
475240,하나32호스팩,KOSDAQ,STOCK
475250,하나33호스팩,KOSDAQ,STOCK
475400,씨메스로보틱스,KOSDAQ,STOCK
475430,키스트론,KOSDAQ,STOCK
475460,미트박스,KOSDAQ,STOCK
475580,에이럭스,KOSDAQ,STOCK
475660,에스켐,KOSDAQ,STOCK
475830,오름테라퓨틱,KOSDAQ,STOCK
475960,토모큐브,KOSDAQ,STOCK
476040,오가노이드사이언스,KOSDAQ,STOCK
476060,온코닉테라퓨틱스,KOSDAQ,STOCK
476080,M83,KOSDAQ,STOCK
476830,알지노믹스,KOSDAQ,STOCK
477340,에이치엠씨제7호스팩,KOSDAQ,STOCK
477380,미래에셋비전스팩4호,KOSDAQ,STOCK
477470,미래에셋비전스팩5호,KOSDAQ,STOCK
477760,DB금융스팩12호,KOSDAQ,STOCK
477850,마키나락스,KOSDAQ,STOCK
478110,이베스트스팩6호,KOSDAQ,STOCK
478340,나라스페이스테크놀로지,KOSDAQ,STOCK
478390,KB제29호스팩,KOSDAQ,STOCK
478440,미래에셋비전스팩6호,KOSDAQ,STOCK
478560,블랙야크아이앤씨,KOSDAQ,STOCK
479880,한국제15호스팩,KOSDAQ,STOCK
479960,위너스일렉,KOSDAQ,STOCK
481070,에이유브랜즈,KOSDAQ,STOCK
481890,엔에이치스팩31호,KOSDAQ,STOCK
482520,교보16호스팩,KOSDAQ,STOCK
482630,삼양엔씨켐,KOSDAQ,STOCK
482680,미래에셋비전스팩7호,KOSDAQ,STOCK
482690,대신밸런스제19호스팩,KOSDAQ,STOCK
484120,도우인시스,KOSDAQ,STOCK
484130,하나34호스팩,KOSDAQ,STOCK
484590,삼양컴텍,KOSDAQ,STOCK
484810,티엑스알로보틱스,KOSDAQ,STOCK
486630,KB제30호스팩,KOSDAQ,STOCK
486990,노타,KOSDAQ,STOCK
487360,신한제14호스팩,KOSDAQ,STOCK
487580,폴레드,KOSDAQ,STOCK
487720,키움제10호스팩,KOSDAQ,STOCK
487830,신한제15호스팩,KOSDAQ,STOCK
488060,유진스팩11호,KOSDAQ,STOCK
488280,에스투더블유,KOSDAQ,STOCK
488900,비츠로넥스텍,KOSDAQ,STOCK
489210,교보17호스팩,KOSDAQ,STOCK
489460,바이오비쥬,KOSDAQ,STOCK
489480,키움제11호스팩,KOSDAQ,STOCK
489500,엘케이켐,KOSDAQ,STOCK
489730,디비금융제13호스팩,KOSDAQ,STOCK
490470,세미파이브,KOSDAQ,STOCK
491000,리브스메드,KOSDAQ,STOCK
492220,KB제31호스팩,KOSDAQ,STOCK
493280,아이엠바이오로직스,KOSDAQ,STOCK
493330,지에프아이,KOSDAQ,STOCK
493790,유안타제17호스팩,KOSDAQ,STOCK
494120,큐리오시스,KOSDAQ,STOCK
496070,신한제16호스팩,KOSDAQ,STOCK
498390,한화플러스제5호스팩,KOSDAQ,STOCK
900070,글로벌에스엠,KOSDAQ,STOCK
900100,파이온엑스,KOSDAQ,STOCK
900110,딥커머스,KOSDAQ,STOCK
900120,씨엑스아이,KOSDAQ,STOCK
900250,크리스탈신소재,KOSDAQ,STOCK
900260,로스웰,KOSDAQ,STOCK
900270,헝셩그룹,KOSDAQ,STOCK
900290,GRT,KOSDAQ,STOCK
900300,오가닉티코스메틱,KOSDAQ,STOCK
900310,컬러레이,KOSDAQ,STOCK
900340,윙입푸드,KOSDAQ,STOCK
950130,엑세스바이오,KOSDAQ,STOCK
950140,잉글우드랩,KOSDAQ,STOCK
950160,코오롱티슈진,KOSDAQ,STOCK
950170,JTC,KOSDAQ,STOCK
950190,고스트스튜디오,KOSDAQ,STOCK
950200,소마젠,KOSDAQ,STOCK
950220,네오이뮨텍,KOSDAQ,STOCK
950250,테라뷰,KOSDAQ,STOCK
000020,동화약품,KOSPI,STOCK
000040,KR모터스,KOSPI,STOCK
000050,경방,KOSPI,STOCK
000070,삼양홀딩스,KOSPI,STOCK
000080,하이트진로,KOSPI,STOCK
000087,하이트진로2우B,KOSPI,STOCK
0000D0,TIGER 엔비디아미국채커버드콜밸런스(합성),KOSPI,ETF
0000H0,KODEX 인도Nifty미드캡100,KOSPI,ETF
0000J0,PLUS 한화그룹주,KOSPI,ETF
0000Y0,HK 26-12 회사채(AA-이상)액티브,KOSPI,ETF
0000Z0,RISE 바이오TOP10액티브,KOSPI,ETF
000100,유한양행,KOSPI,STOCK
000105,유한양행우,KOSPI,STOCK
000120,CJ대한통운,KOSPI,STOCK
000140,하이트진로홀딩스,KOSPI,STOCK
000145,하이트진로홀딩스우,KOSPI,STOCK
000150,두산,KOSPI,STOCK
000155,두산우,KOSPI,STOCK
000157,두산2우B,KOSPI,STOCK
000180,성창기업지주,KOSPI,STOCK
0001P0,마이티 바이오시밀러&CDMO액티브,KOSPI,ETF
000210,DL,KOSPI,STOCK
000215,DL우,KOSPI,STOCK
000220,유유제약,KOSPI,STOCK
000225,유유제약1우,KOSPI,STOCK
000227,유유제약2우B,KOSPI,STOCK
000230,일동홀딩스,KOSPI,STOCK
000240,한국앤컴퍼니,KOSPI,STOCK
000270,기아,KOSPI,STOCK
0002C0,에셋플러스 인도일등기업포커스20액티브,KOSPI,ETF
000300,DH오토넥스,KOSPI,STOCK
000320,노루홀딩스,KOSPI,STOCK
000325,노루홀딩스우,KOSPI,STOCK
000370,한화손해보험,KOSPI,STOCK
000390,SP삼화,KOSPI,STOCK
000400,롯데손해보험,KOSPI,STOCK
000430,대원강업,KOSPI,STOCK
000480,CR홀딩스,KOSPI,STOCK
000490,대동,KOSPI,STOCK
0004G0,1Q 미국배당TOP30,KOSPI,ETF
000500,가온전선,KOSPI,STOCK
000520,삼일제약,KOSPI,STOCK
000540,흥국화재,KOSPI,STOCK
000545,흥국화재우,KOSPI,STOCK
000590,CS홀딩스,KOSPI,STOCK
0005A0,KODEX 미국S&P500데일리커버드콜OTM,KOSPI,ETF
0005C0,RISE 미국S&P500엔화노출(합성 H),KOSPI,ETF
0005D0,SOL 전고체배터리&실리콘음극재,KOSPI,ETF
0005G0,IBK K-AI반도체코어테크,KOSPI,ETF
000640,동아쏘시오홀딩스,KOSPI,STOCK
000650,천일고속,KOSPI,STOCK
000660,SK하이닉스,KOSPI,STOCK
000670,영풍,KOSPI,STOCK
000680,LS네트웍스,KOSPI,STOCK
000700,유수홀딩스,KOSPI,STOCK
000720,현대건설,KOSPI,STOCK
000725,현대건설우,KOSPI,STOCK
000760,이화산업,KOSPI,STOCK
0007F0,KODEX 27-12 회사채(AA-이상)액티브,KOSPI,ETF
0007G0,PLUS 글로벌원자력밸류체인,KOSPI,ETF
0007N0,아이엠에셋 200,KOSPI,ETF
000810,삼성화재,KOSPI,STOCK
000815,삼성화재우,KOSPI,STOCK
000850,화천기공,KOSPI,STOCK
000860,강남제비스코,KOSPI,STOCK
000880,한화,KOSPI,STOCK
00088K,한화3우B,KOSPI,STOCK
000890,보해양조,KOSPI,STOCK
0008E0,ACE 미국중심중소형제조업,KOSPI,ETF
0008S0,TIGER 미국배당다우존스타겟데일리커버드콜,KOSPI,ETF
0008T0,SOL 화장품TOP3플러스,KOSPI,ETF
000910,유니온,KOSPI,STOCK
000950,전방,KOSPI,STOCK
000970,한국주철관,KOSPI,STOCK
000990,DB하이텍,KOSPI,STOCK
001020,페이퍼코리아,KOSPI,STOCK
001040,CJ,KOSPI,STOCK
001045,CJ우,KOSPI,STOCK
00104K,CJ4우(전환),KOSPI,STOCK
001060,JW중외제약,KOSPI,STOCK
001065,JW중외제약우,KOSPI,STOCK
001067,JW중외제약2우B,KOSPI,STOCK
001070,대한방직,KOSPI,STOCK
001080,만호제강,KOSPI,STOCK
001120,LX인터내셔널,KOSPI,STOCK
001130,대한제분,KOSPI,STOCK
001200,유진투자증권,KOSPI,STOCK
001210,금호전기,KOSPI,STOCK
001230,동국홀딩스,KOSPI,STOCK
001250,GS글로벌,KOSPI,STOCK
001260,남광토건,KOSPI,STOCK
001270,부국증권,KOSPI,STOCK
001275,부국증권우,KOSPI,STOCK
001290,상상인증권,KOSPI,STOCK
001340,PKC,KOSPI,STOCK
001360,삼성제약,KOSPI,STOCK
001380,SG글로벌,KOSPI,STOCK
001390,KG케미칼,KOSPI,STOCK
0013P0,RISE 미국은행TOP10,KOSPI,ETF
0013R0,RISE 테슬라미국채타겟커버드콜혼합(합성),KOSPI,ETF
001420,태원물산,KOSPI,STOCK
001430,세아베스틸지주,KOSPI,STOCK
001440,대한전선,KOSPI,STOCK
001450,현대해상,KOSPI,STOCK
001460,BYC,KOSPI,STOCK
001465,BYC우,KOSPI,STOCK
001470,삼부토건,KOSPI,STOCK
001500,현대차증권,KOSPI,STOCK
001510,SK증권,KOSPI,STOCK
001515,SK증권우,KOSPI,STOCK
001520,동양,KOSPI,STOCK
001525,동양우,KOSPI,STOCK
001527,동양2우B,KOSPI,STOCK
001530,DI동일,KOSPI,STOCK
001550,조비,KOSPI,STOCK
001560,제일연마,KOSPI,STOCK
001570,금양,KOSPI,STOCK
0015B0,KoAct 미국나스닥성장기업액티브,KOSPI,ETF
0015E0,KIWOOM 엔비디아미국30년국채혼합액티브(H),KOSPI,ETF
0015F0,KIWOOM 팔란티어미국30년국채혼합액티브(H),KOSPI,ETF
0015K0,TIGER 미국소비트렌드액티브,KOSPI,ETF
001620,케이비아이동국실업,KOSPI,STOCK
001630,종근당홀딩스,KOSPI,STOCK
001680,대상,KOSPI,STOCK
001685,대상우,KOSPI,STOCK
0016X0,SOL 중단기회사채(A-이상)액티브,KOSPI,ETF
001720,신영증권,KOSPI,STOCK
001740,SK네트웍스,KOSPI,STOCK
001750,한양증권,KOSPI,STOCK
001755,한양증권우,KOSPI,STOCK
001770,SHD,KOSPI,STOCK
001780,알루코,KOSPI,STOCK
001790,대한제당,KOSPI,STOCK
001795,대한제당우,KOSPI,STOCK
0017Y0,1Q 종합채권(AA-이상)액티브,KOSPI,ETF
001800,오리온홀딩스,KOSPI,STOCK
001820,삼화콘덴서,KOSPI,STOCK
0018C0,PLUS 고배당주위클리고정커버드콜,KOSPI,ETF
0018Z0,RISE 미국양자컴퓨팅,KOSPI,ETF
001940,KISCO홀딩스,KOSPI,STOCK
0019K0,TIME 미국나스닥100채권혼합50액티브,KOSPI,ETF
002020,코오롱,KOSPI,STOCK
002025,코오롱우,KOSPI,STOCK
002030,아세아,KOSPI,STOCK
002070,비비안,KOSPI,STOCK
0020H0,KoAct 글로벌양자컴퓨팅액티브,KOSPI,ETF
002100,경농,KOSPI,STOCK
002140,고려산업,KOSPI,STOCK
002150,도화엔지니어링,KOSPI,STOCK
002170,SYTS,KOSPI,STOCK
002200,한국수출포장,KOSPI,STOCK
002210,동성제약,KOSPI,STOCK
002220,한일철강,KOSPI,STOCK
002240,고려제강,KOSPI,STOCK
0022T0,SOL 국제금커버드콜액티브,KOSPI,ETF
002310,아세아제지,KOSPI,STOCK
002320,한진,KOSPI,STOCK
002350,넥센타이어,KOSPI,STOCK
002355,넥센타이어1우B,KOSPI,STOCK
002360,SH에너지화학,KOSPI,STOCK
002380,KCC,KOSPI,STOCK
002390,한독,KOSPI,STOCK
0023A0,SOL 미국양자컴퓨팅TOP10,KOSPI,ETF
0023B0,PLUS 미국양자컴퓨팅TOP10,KOSPI,ETF
002410,범양건영,KOSPI,STOCK
002420,세기상사,KOSPI,STOCK
002450,삼익악기,KOSPI,STOCK
002460,HS화성,KOSPI,STOCK
0025N0,TIGER TDF2045 적격,KOSPI,ETF
002600,조흥,KOSPI,STOCK
002620,제일파마홀딩스,KOSPI,STOCK
002630,오리엔트바이오,KOSPI,STOCK
002690,동일제강,KOSPI,STOCK
0026E0,KODEX 미국S&P500버퍼3월액티브,KOSPI,ETF
0026S0,1Q 미국S&P500,KOSPI,ETF
002700,신일전자,KOSPI,STOCK
002710,TCC스틸,KOSPI,STOCK
002720,국제약품,KOSPI,STOCK
002760,보락,KOSPI,STOCK
002780,진흥기업,KOSPI,STOCK
002785,진흥기업우B,KOSPI,STOCK
002787,진흥기업2우B,KOSPI,STOCK
002790,아모레퍼시픽홀딩스,KOSPI,STOCK
002795,아모레퍼시픽홀딩스우,KOSPI,STOCK
00279K,아모레퍼시픽홀딩스3우C,KOSPI,STOCK
002810,삼영무역,KOSPI,STOCK
002820,SUN&L,KOSPI,STOCK
002840,미원상사,KOSPI,STOCK
002870,신풍,KOSPI,STOCK
002880,디와이에이,KOSPI,STOCK
0028X0,KODEX 미국금융테크액티브,KOSPI,ETF
002900,TYM,KOSPI,STOCK
002920,유성기업,KOSPI,STOCK
002960,한국쉘석유,KOSPI,STOCK
002990,금호건설,KOSPI,STOCK
002995,금호건설우,KOSPI,STOCK
003000,부광약품,KOSPI,STOCK
003010,혜인,KOSPI,STOCK
003030,세아제강지주,KOSPI,STOCK
003060,에이프로젠바이오로직스,KOSPI,STOCK
003070,코오롱글로벌,KOSPI,STOCK
003075,코오롱글로벌우,KOSPI,STOCK
003080,SB성보,KOSPI,STOCK
003090,대웅,KOSPI,STOCK
0030R0,대신밸류리츠,KOSPI,STOCK
003120,일성아이에스,KOSPI,STOCK
003160,디아이,KOSPI,STOCK
003200,일신방직,KOSPI,STOCK
003220,대원제약,KOSPI,STOCK
003230,삼양식품,KOSPI,STOCK
003240,태광산업,KOSPI,STOCK
003280,흥아해운,KOSPI,STOCK
003300,한일홀딩스,KOSPI,STOCK
003350,한국화장품제조,KOSPI,STOCK
003460,유화증권,KOSPI,STOCK
003465,유화증권우,KOSPI,STOCK
003470,유안타증권,KOSPI,STOCK
003475,유안타증권우,KOSPI,STOCK
003480,한진중공업홀딩스,KOSPI,STOCK
003490,대한항공,KOSPI,STOCK
003495,대한항공우,KOSPI,STOCK
003520,영진약품,KOSPI,STOCK
003530,한화투자증권,KOSPI,STOCK
003535,한화투자증권우,KOSPI,STOCK
003540,대신증권,KOSPI,STOCK
003545,대신증권우,KOSPI,STOCK
003547,대신증권2우B,KOSPI,STOCK
003550,LG,KOSPI,STOCK
003555,LG우,KOSPI,STOCK
003570,SNT다이내믹스,KOSPI,STOCK
003580,HLB글로벌,KOSPI,STOCK
0035T0,PLUS 글로벌휴머노이드로봇액티브,KOSPI,ETF
003610,방림,KOSPI,STOCK
003620,KG모빌리티,KOSPI,STOCK
003650,미창석유,KOSPI,STOCK
003670,포스코퓨처엠,KOSPI,STOCK
003680,한성기업,KOSPI,STOCK
003690,코리안리,KOSPI,STOCK
0036D0,TIME 미국배당다우존스액티브,KOSPI,ETF
0036R0,RISE 미국휴머노이드로봇,KOSPI,ETF
0036Z0,RISE 미국천연가스밸류체인,KOSPI,ETF
003720,삼영,KOSPI,STOCK
003780,진양산업,KOSPI,STOCK
003830,대한화섬,KOSPI,STOCK
003850,보령,KOSPI,STOCK
0038A0,KODEX 미국휴머노이드로봇,KOSPI,ETF
003920,남양유업,KOSPI,STOCK
003925,남양유업우,KOSPI,STOCK
003960,사조대림,KOSPI,STOCK
004000,롯데정밀화학,KOSPI,STOCK
004020,현대제철,KOSPI,STOCK
004060,SG세계물산,KOSPI,STOCK
004080,신흥,KOSPI,STOCK
004090,한국석유,KOSPI,STOCK
0040S0,HANARO 글로벌피지컬AI액티브,KOSPI,ETF
0040X0,SOL 팔란티어미국채커버드콜혼합,KOSPI,ETF
0040Y0,SOL 팔란티어커버드콜OTM채권혼합,KOSPI,ETF
004100,태양금속,KOSPI,STOCK
004105,태양금속우,KOSPI,STOCK
004140,동방,KOSPI,STOCK
004150,한솔홀딩스,KOSPI,STOCK
004170,신세계,KOSPI,STOCK
0041D0,KODEX 미국AI소프트웨어TOP10,KOSPI,ETF
0041E0,KODEX 미국S&P500액티브,KOSPI,ETF
004250,NPC,KOSPI,STOCK
004255,NPC우,KOSPI,STOCK
004270,남성,KOSPI,STOCK
004310,현대약품,KOSPI,STOCK
004360,세방,KOSPI,STOCK
004365,세방우,KOSPI,STOCK
004370,농심,KOSPI,STOCK
004380,삼익THK,KOSPI,STOCK
0043B0,TIGER 머니마켓액티브,KOSPI,ETF
0043Y0,TIME 차이나AI테크액티브,KOSPI,ETF
004410,서울식품,KOSPI,STOCK
004415,서울식품우,KOSPI,STOCK
004430,송원산업,KOSPI,STOCK
004440,삼일씨엔에스,KOSPI,STOCK
004450,삼화왕관,KOSPI,STOCK
004490,세방전지,KOSPI,STOCK
004540,깨끗한나라,KOSPI,STOCK
004545,깨끗한나라우,KOSPI,STOCK
004560,현대비앤지스틸,KOSPI,STOCK
004690,삼천리,KOSPI,STOCK
0046A0,TIGER 미국초단기(3개월이하)국채,KOSPI,ETF
0046Y0,ACE 미국배당퀄리티,KOSPI,ETF
004700,조광피혁,KOSPI,STOCK
004710,한솔테크닉스,KOSPI,STOCK
004720,팜젠사이언스,KOSPI,STOCK
004770,써니전자,KOSPI,STOCK
0047A0,TIGER 차이나테크TOP10,KOSPI,ETF
0047N0,PLUS 차이나AI테크TOP10,KOSPI,ETF
0047P0,RISE 테슬라고정테크100,KOSPI,ETF
0047R0,RISE 팔란티어고정테크100,KOSPI,ETF
004800,효성,KOSPI,STOCK
004830,덕성,KOSPI,STOCK
004835,덕성우,KOSPI,STOCK
004840,DRB동일,KOSPI,STOCK
004870,티웨이홀딩스,KOSPI,STOCK
004890,동일산업,KOSPI,STOCK
0048J0,KODEX 미국머니마켓액티브,KOSPI,ETF
0048K0,KODEX 차이나휴머노이드로봇,KOSPI,ETF
004910,조광페인트,KOSPI,STOCK
004920,씨아이테크,KOSPI,STOCK
004960,한신공영,KOSPI,STOCK
004970,신라교역,KOSPI,STOCK
004980,성신양회,KOSPI,STOCK
004985,성신양회우,KOSPI,STOCK
004990,롯데지주,KOSPI,STOCK
00499K,롯데지주우,KOSPI,STOCK
0049K0,ACE 미국배당퀄리티채권혼합50,KOSPI,ETF
0049M0,ACE 미국배당퀄리티+커버드콜액티브,KOSPI,ETF
005010,휴스틸,KOSPI,STOCK
005030,부산주공,KOSPI,STOCK
005070,코스모신소재,KOSPI,STOCK
005090,SGC에너지,KOSPI,STOCK
0050E0,PLUS 미국AI에이전트,KOSPI,ETF
005110,한창,KOSPI,STOCK
005180,빙그레,KOSPI,STOCK
0051A0,KoAct 브로드컴밸류체인액티브,KOSPI,ETF
0051G0,SOL 미국원자력SMR,KOSPI,ETF
005250,녹십자홀딩스,KOSPI,STOCK
005257,녹십자홀딩스2우,KOSPI,STOCK
0052D0,TIGER 코리아배당다우존스,KOSPI,ETF
0052S0,1Q 미국S&P500미국채혼합50액티브,KOSPI,ETF
0052T0,1Q 중단기회사채(A-이상)액티브,KOSPI,ETF
005300,롯데칠성,KOSPI,STOCK
005305,롯데칠성우,KOSPI,STOCK
005320,온타이드,KOSPI,STOCK
005360,모나미,KOSPI,STOCK
005380,현대차,KOSPI,STOCK
005385,현대차우,KOSPI,STOCK
005387,현대차2우B,KOSPI,STOCK
005389,현대차3우B,KOSPI,STOCK
0053L0,TIGER 차이나휴머노이드로봇,KOSPI,ETF
0053M0,더제이 중소형포커스액티브,KOSPI,ETF
005420,코스모화학,KOSPI,STOCK
005430,한국공항,KOSPI,STOCK
005440,현대지에프홀딩스,KOSPI,STOCK
005490,POSCO홀딩스,KOSPI,STOCK
005500,삼진제약,KOSPI,STOCK
005610,삼립,KOSPI,STOCK
005680,삼영전자,KOSPI,STOCK
005690,파미셀,KOSPI,STOCK
005720,넥센,KOSPI,STOCK
005725,넥센우,KOSPI,STOCK
005740,크라운해태홀딩스,KOSPI,STOCK
005745,크라운해태홀딩스우,KOSPI,STOCK
005750,대림바스,KOSPI,STOCK
0057H0,PLUS 미국S&P500미국채혼합50액티브,KOSPI,ETF
005800,신영와코루,KOSPI,STOCK
005810,풍산홀딩스,KOSPI,STOCK
005820,원림,KOSPI,STOCK
005830,DB손해보험,KOSPI,STOCK
005850,에스엘,KOSPI,STOCK
005870,휴니드,KOSPI,STOCK
005880,대한해운,KOSPI,STOCK
005930,삼성전자,KOSPI,STOCK
005935,삼성전자우,KOSPI,STOCK
005940,NH투자증권,KOSPI,STOCK
005945,NH투자증권우,KOSPI,STOCK
005950,이수화학,KOSPI,STOCK
005960,동부건설,KOSPI,STOCK
005965,동부건설우,KOSPI,STOCK
006040,동원산업,KOSPI,STOCK
006060,화승인더,KOSPI,STOCK
006090,사조오양,KOSPI,STOCK
0060H0,TIGER 토탈월드스탁액티브,KOSPI,ETF
006110,삼아알미늄,KOSPI,STOCK
006120,SK디스커버리,KOSPI,STOCK
006125,SK디스커버리우,KOSPI,STOCK
0061Z0,RISE 단기특수은행채액티브,KOSPI,ETF
006200,한국전자홀딩스,KOSPI,STOCK
006220,제주은행,KOSPI,STOCK
006260,LS,KOSPI,STOCK
006280,녹십자,KOSPI,STOCK
006340,대원전선,KOSPI,STOCK
006345,대원전선우,KOSPI,STOCK
006360,GS건설,KOSPI,STOCK
006370,대구백화점,KOSPI,STOCK
006380,카프로,KOSPI,STOCK
006400,삼성SDI,KOSPI,STOCK
006405,삼성SDI우,KOSPI,STOCK
006490,프리티,KOSPI,STOCK
0064K0,KODEX 금액티브,KOSPI,ETF
006570,대림통상,KOSPI,STOCK
0065G0,KODEX 차이나테크TOP10,KOSPI,ETF
006650,대한유화,KOSPI,STOCK
006660,삼성공조,KOSPI,STOCK
0066W0,SOL 국제금,KOSPI,ETF
006740,블루산업개발,KOSPI,STOCK
0067V0,TIGER 차이나글로벌리더스TOP3+,KOSPI,ETF
0067Y0,TIGER 차이나AI소프트웨어,KOSPI,ETF
006800,미래에셋증권,KOSPI,STOCK
006805,미래에셋증권우,KOSPI,STOCK
00680K,미래에셋증권2우B,KOSPI,STOCK
006840,AK홀딩스,KOSPI,STOCK
006880,신송홀딩스,KOSPI,STOCK
006890,태경케미컬,KOSPI,STOCK
0068M0,KODEX 미국S&P500버퍼6월액티브,KOSPI,ETF
006980,우성,KOSPI,STOCK
0069M0,1Q 미국나스닥100,KOSPI,ETF
007070,GS리테일,KOSPI,STOCK
007110,일신석재,KOSPI,STOCK
007120,미래아이앤지,KOSPI,STOCK
007160,사조산업,KOSPI,STOCK
007210,벽산,KOSPI,STOCK
007280,한국특강,KOSPI,STOCK
0072R0,TIGER KRX금현물,KOSPI,ETF
007310,오뚜기,KOSPI,STOCK
007340,DN오토모티브,KOSPI,STOCK
0073X0,FOCUS 알리바바미국채커버드콜혼합,KOSPI,ETF
007460,에이프로젠,KOSPI,STOCK
0074K0,KoAct K수출핵심기업TOP30액티브,KOSPI,ETF
007540,샘표,KOSPI,STOCK
007570,일양약품,KOSPI,STOCK
007575,일양약품우,KOSPI,STOCK
007590,동방아그로,KOSPI,STOCK
007610,선도전기,KOSPI,STOCK
007660,이수페타시스,KOSPI,STOCK
007690,국도화학,KOSPI,STOCK
007700,F&F홀딩스,KOSPI,STOCK
007810,코리아써키트,KOSPI,STOCK
007815,코리아써우,KOSPI,STOCK
00781K,코리아써키트2우B,KOSPI,STOCK
007860,서연,KOSPI,STOCK
0078V0,PLUS 미국로보택시,KOSPI,ETF
007980,TP,KOSPI,STOCK
0079X0,ACE BYD밸류체인액티브,KOSPI,ETF
008040,사조동아원,KOSPI,STOCK
008060,대덕,KOSPI,STOCK
00806K,대덕1우,KOSPI,STOCK
0080G0,KODEX 방산TOP10,KOSPI,ETF
0080X0,SOL 미국S&P500미국채혼합50,KOSPI,ETF
0080Y0,SOL 조선TOP3플러스레버리지,KOSPI,ETF
008250,이건산업,KOSPI,STOCK
008260,NI스틸,KOSPI,STOCK
0082F0,HANARO 유럽방산,KOSPI,ETF
0082V0,KODEX TDF2060액티브 적격,KOSPI,ETF
008350,남선알미늄,KOSPI,STOCK
008355,남선알미우,KOSPI,STOCK
0083S0,1Q 미국메디컬AI,KOSPI,ETF
008420,문배철강,KOSPI,STOCK
008490,서흥,KOSPI,STOCK
0084D0,KIWOOM 미국테크100월간목표헤지액티브,KOSPI,ETF
0084E0,KIWOOM 미국대형주500월간목표헤지액티브,KOSPI,ETF
0085N0,ACE 미국10년국채액티브(H),KOSPI,ETF
0085P0,ACE 미국10년국채액티브,KOSPI,ETF
008600,윌비스,KOSPI,STOCK
0086B0,TIGER 리츠부동산인프라TOP10액티브,KOSPI,ETF
0086C0,TIGER 리츠부동산인프라10채권혼합액티브,KOSPI,ETF
008700,아남전자,KOSPI,STOCK
008730,율촌화학,KOSPI,STOCK
008770,호텔신라,KOSPI,STOCK
008775,호텔신라우,KOSPI,STOCK
0087F0,ACE 차이나AI빅테크TOP2+액티브,KOSPI,ETF
008870,금비,KOSPI,STOCK
0088N0,WON K-글로벌수급상위,KOSPI,ETF
008930,한미사이언스,KOSPI,STOCK
008970,KBI동양철관,KOSPI,STOCK
0089B0,PLUS 미국나스닥100미국채혼합50,KOSPI,ETF
0089C0,KODEX 미국S&P500변동성확대시커버드콜,KOSPI,ETF
0089D0,KODEX 금융고배당TOP10,KOSPI,ETF
009070,KCTC,KOSPI,STOCK
0090B0,PLUS K방산소부장,KOSPI,ETF
009140,경인전자,KOSPI,STOCK
009150,삼성전기,KOSPI,STOCK
009155,삼성전기우,KOSPI,STOCK
009160,SIMPAC,KOSPI,STOCK
009180,한솔로지스틱스,KOSPI,STOCK
009190,대양금속,KOSPI,STOCK
0091C0,KODEX 미국10년국채액티브(H),KOSPI,ETF
0091M0,HANARO 27-06 회사채(AA-이상)액티브,KOSPI,ETF
0091P0,TIGER 코리아원자력,KOSPI,ETF
009200,무림페이퍼,KOSPI,STOCK
009240,한샘,KOSPI,STOCK
009270,신원,KOSPI,STOCK
009290,광동제약,KOSPI,STOCK
0092B0,SOL 한국원자력SMR,KOSPI,ETF
0092C0,SOL 27-12 회사채(AA-이상)액티브,KOSPI,ETF
009310,참엔지니어링,KOSPI,STOCK
009320,아진전자부품,KOSPI,STOCK
0093A0,RISE AI반도체TOP10,KOSPI,ETF
0093B0,RISE 엔비디아고정테크100,KOSPI,ETF
0093D0,KoAct 팔란티어밸류체인액티브,KOSPI,ETF
009410,태영건설,KOSPI,STOCK
009415,태영건설우,KOSPI,STOCK
009420,한올바이오파마,KOSPI,STOCK
009440,KC그린홀딩스,KOSPI,STOCK
009450,경동나비엔,KOSPI,STOCK
009460,한창제지,KOSPI,STOCK
009470,삼화전기,KOSPI,STOCK
0094K0,TIGER 28-04 회사채(A+이상)액티브,KOSPI,ETF
0094L0,RISE 차이나테크TOP10위클리타겟커버드콜,KOSPI,ETF
0094M0,RISE 코리아밸류업위클리고정커버드콜,KOSPI,ETF
0094X0,1Q 샤오미밸류체인액티브,KOSPI,ETF
009540,HD한국조선해양,KOSPI,STOCK
009580,무림P&P,KOSPI,STOCK
009680,모토닉,KOSPI,STOCK
009770,삼정펄프,KOSPI,STOCK
0097L0,KIWOOM 한국고배당&미국AI테크,KOSPI,ETF
009810,플레이그램,KOSPI,STOCK
009830,한화솔루션,KOSPI,STOCK
009835,한화솔루션우,KOSPI,STOCK
0098F0,KODEX 원자력SMR,KOSPI,ETF
0098N0,PLUS 자사주매입고배당주,KOSPI,ETF
0098Z0,FOCUS 200,KOSPI,ETF
009900,명신산업,KOSPI,STOCK
009970,영원무역홀딩스,KOSPI,STOCK
0099L0,ACE 우량회사채(AA-이상)액티브,KOSPI,ETF
010040,한국내화,KOSPI,STOCK
010060,OCI홀딩스,KOSPI,STOCK
0100K0,KODEX 방산TOP10레버리지,KOSPI,ETF
010100,한국무브넥스,KOSPI,STOCK
010120,LS ELECTRIC,KOSPI,STOCK
010130,고려아연,KOSPI,STOCK
010140,삼성중공업,KOSPI,STOCK
0101N0,RISE AI전력인프라,KOSPI,ETF
0102A0,TIGER 미국AI소프트웨어TOP4Plus,KOSPI,ETF
0102X0,ACE 유럽방산TOP10,KOSPI,ETF
0103T0,1Q K소버린AI,KOSPI,ETF
010400,우진아이엔에스,KOSPI,STOCK
0104G0,PLUS K방산레버리지,KOSPI,ETF
0104H0,KoAct 미국나스닥채권혼합50액티브,KOSPI,ETF
0104N0,TIGER 200타겟위클리커버드콜,KOSPI,ETF
0104P0,TIGER 코리아배당다우존스위클리커버드콜,KOSPI,ETF
010580,에스엠벡셀,KOSPI,STOCK
0105D0,SOL 한국AI소프트웨어,KOSPI,ETF
0105E0,SOL 코리아고배당,KOSPI,ETF
010640,진양폴리,KOSPI,STOCK
010660,화천기계,KOSPI,STOCK
010690,화신,KOSPI,STOCK
0106J0,대신 KOSPI200인덱스 X클래스,KOSPI,STOCK
010770,평화홀딩스,KOSPI,STOCK
010780,아이에스동서,KOSPI,STOCK
0107F0,KIWOOM 미국고배당&AI테크,KOSPI,ETF
010820,퍼스텍,KOSPI,STOCK
010950,S-Oil,KOSPI,STOCK
010955,S-Oil우,KOSPI,STOCK
010960,삼호개발,KOSPI,STOCK
011000,진원생명과학,KOSPI,STOCK
011070,LG이노텍,KOSPI,STOCK
011090,에넥스,KOSPI,STOCK
011150,CJ씨푸드,KOSPI,STOCK
011155,CJ씨푸드1우,KOSPI,STOCK
011170,롯데케미칼,KOSPI,STOCK
0111J0,HANARO 증권고배당TOP3플러스,KOSPI,ETF
0111P0,1Q 미국나스닥100미국채혼합50액티브,KOSPI,ETF
011200,HMM,KOSPI,STOCK
011210,현대위아,KOSPI,STOCK
011230,삼화전자,KOSPI,STOCK
011280,태림포장,KOSPI,STOCK
0112X0,마이티 200TR,KOSPI,ETF
011300,우성머티리얼스,KOSPI,STOCK
011330,유니켐,KOSPI,STOCK
011390,부산산업,KOSPI,STOCK
0113D0,TIME 글로벌탑픽액티브,KOSPI,ETF
0113G0,KoAct 미국바이오헬스케어액티브,KOSPI,ETF
0113P0,HK 머니마켓액티브,KOSPI,ETF
011420,갤럭시아에스엠,KOSPI,STOCK
0114X0,RISE 글로벌게임테크TOP3Plus,KOSPI,ETF
011500,한농화성,KOSPI,STOCK
0115C0,RISE 미국고배당다우존스TOP10,KOSPI,ETF
0115D0,KODEX 조선TOP10,KOSPI,ETF
0115E0,KODEX 코리아소버린AI,KOSPI,ETF
011690,와이투솔루션,KOSPI,STOCK
011700,한신기계,KOSPI,STOCK
011760,현대코퍼레이션,KOSPI,STOCK
011780,금호석유화학,KOSPI,STOCK
011785,금호석유화학우,KOSPI,STOCK
011790,SKC,KOSPI,STOCK
0117L0,KODEX 26-12 금융채(AA-이상)액티브,KOSPI,ETF
0117V0,TIGER 코리아AI전력기기TOP3플러스,KOSPI,ETF
011810,STX,KOSPI,STOCK
0118S0,SOL 미국넥스트테크TOP10액티브,KOSPI,ETF
0118Z0,ACE 미국AI테크핵심산업액티브,KOSPI,ETF
011930,신성이엔지,KOSPI,STOCK
0119H0,KODEX 28-12 회사채(AA-이상)액티브,KOSPI,ETF
012030,DB,KOSPI,STOCK
0120G0,삼양바이오팜,KOSPI,STOCK
0120J0,BNK 카카오그룹포커스,KOSPI,ETF
0120X0,유진 챔피언중단기크레딧 X클래스,KOSPI,STOCK
012160,영흥,KOSPI,STOCK
012170,아센디오,KOSPI,STOCK
012200,계양전기,KOSPI,STOCK
012205,계양전기우,KOSPI,STOCK
012280,영화금속,KOSPI,STOCK
0122W0,RISE 26-11 회사채(AA-이상)액티브,KOSPI,ETF
012320,경동인베스트,KOSPI,STOCK
012330,현대모비스,KOSPI,STOCK
0123G0,TIGER 미국AI전력SMR,KOSPI,ETF
0123S0,HANARO 26-12 은행채(AA+이상)액티브,KOSPI,ETF
012450,한화에어로스페이스,KOSPI,STOCK
012610,경인양행,KOSPI,STOCK
012630,HDC,KOSPI,STOCK
012690,모나리자,KOSPI,STOCK
0126Z0,삼성에피스홀딩스,KOSPI,STOCK
012750,에스원,KOSPI,STOCK
0127M0,ACE 미국대형가치주액티브,KOSPI,ETF
0127P0,ACE 미국대형성장주액티브,KOSPI,ETF
0127R0,RISE 미국AI클라우드인프라,KOSPI,ETF
0127T0,KIWOOM 미국S&P500&배당다우존스비중전환,KOSPI,ETF
0127V0,KIWOOM 미국S&P500 TOP10&배당다우비중전환,KOSPI,ETF
012800,대창,KOSPI,STOCK
0128D0,PLUS 차이나항셍테크위클리타겟커버드콜,KOSPI,ETF
013000,세우글로벌,KOSPI,STOCK
0131A0,SOL 차이나소비트렌드,KOSPI,ETF
0131V0,1Q 미국우주항공테크,KOSPI,ETF
0131W0,1Q 단기특수은행채액티브,KOSPI,ETF
0132D0,KoAct 글로벌K컬처밸류체인액티브,KOSPI,ETF
0132H0,KODEX 미국원자력SMR,KOSPI,ETF
0132K0,PLUS 테슬라위클리커버드콜채권혼합,KOSPI,ETF
013360,일성건설,KOSPI,STOCK
0133E0,TIGER 차이나증권,KOSPI,ETF
013520,화승코퍼레이션,KOSPI,STOCK
013570,디와이,KOSPI,STOCK
013580,계룡건설,KOSPI,STOCK
0135Y0,IBK 중기종합채권(AA-이상)액티브,KOSPI,ETF
013700,까뮤이앤씨,KOSPI,STOCK
0137V0,KIWOOM 미국S&P500모멘텀,KOSPI,ETF
0137W0,KIWOOM 미국S&P500&GOLD,KOSPI,ETF
013870,지엠비코리아,KOSPI,STOCK
013890,지누스,KOSPI,STOCK
0138D0,RISE 동학개미,KOSPI,ETF
0138T0,RISE 미국S&P500데일리고정커버드콜,KOSPI,ETF
0138Y0,PLUS 금채권혼합,KOSPI,ETF
0139F0,TIGER 12월자동연장금융채(AA-이상)액티브,KOSPI,ETF
0139P0,ACE 고배당주,KOSPI,ETF
014130,한익스프레스,KOSPI,STOCK
014160,대영포장,KOSPI,STOCK
0141S0,SOL 조선기자재,KOSPI,ETF
0141T0,SOL 중기종합채권(AA-이상)액티브,KOSPI,ETF
014280,금강공업,KOSPI,STOCK
014285,금강공업우,KOSPI,STOCK
0142D0,TIGER 미국AI데이터센터TOP4Plus,KOSPI,ETF
014440,영보화학,KOSPI,STOCK
0144L0,KODEX 미국성장커버드콜액티브,KOSPI,ETF
0144M0,KODEX 미국드론UAM TOP10,KOSPI,ETF
014530,극동유화,KOSPI,STOCK
014580,태경비케이,KOSPI,STOCK
014680,한솔케미칼,KOSPI,STOCK
014710,사조씨푸드,KOSPI,STOCK
014790,HL D&I,KOSPI,STOCK
014820,동원시스템즈,KOSPI,STOCK
014825,동원시스템즈우,KOSPI,STOCK
014830,유니드,KOSPI,STOCK
0148J0,TIGER 코리아휴머노이드로봇산업,KOSPI,ETF
014910,성문전자,KOSPI,STOCK
014915,성문전자우,KOSPI,STOCK
014990,인디에프,KOSPI,STOCK
015020,이스타코,KOSPI,STOCK
0150K0,KoAct 수소전력ESS인프라액티브,KOSPI,ETF
0151P0,RISE 코리아전략산업액티브,KOSPI,ETF
0151S0,KODEX 미국AI반도체TOP3플러스,KOSPI,ETF
015230,대창단조,KOSPI,STOCK
015260,에이엔피,KOSPI,STOCK
0152E0,SOL 배당성향탑픽액티브,KOSPI,ETF
015360,INVENI,KOSPI,STOCK
0153K0,KODEX 주주환원고배당주,KOSPI,ETF
0153P0,ACE 리츠부동산인프라액티브,KOSPI,ETF
0153X0,PLUS 미국고배당주액티브,KOSPI,ETF
0154F0,WON 초대형IB&금융지주,KOSPI,ETF
0154H0,KoAct 차이나바이오헬스케어액티브,KOSPI,ETF
015590,DKME,KOSPI,STOCK
0155M0,ACE 미국SMR원자력TOP10,KOSPI,ETF
0155N0,HANARO K휴머노이드테마TOP10,KOSPI,ETF
015760,한국전력,KOSPI,STOCK
015860,일진홀딩스,KOSPI,STOCK
015890,태경산업,KOSPI,STOCK
016090,대현,KOSPI,STOCK
0162L0,KODEX 차이나AI반도체TOP10,KOSPI,ETF
0162M0,KODEX 금융채1~2년(AA-이상)PLUS액티브,KOSPI,ETF
0162Y0,TIME 코스닥액티브,KOSPI,ETF
0162Z0,RISE 삼성전자SK하이닉스채권혼합50,KOSPI,ETF
016360,삼성증권,KOSPI,STOCK
016380,KG스틸,KOSPI,STOCK
0163Y0,KoAct 코스닥액티브,KOSPI,ETF
016450,한세예스24홀딩스,KOSPI,STOCK
0164G0,RISE 차이나AI반도체TOP4Plus,KOSPI,ETF
016580,환인제약,KOSPI,STOCK
016590,신대양제지,KOSPI,STOCK
016610,DB증권,KOSPI,STOCK
0166N0,PLUS 코스닥150액티브,KOSPI,ETF
0166S0,PLUS K제조업핵심기업액티브,KOSPI,ETF
0166T0,PLUS 글로벌저작권핵심기업액티브,KOSPI,ETF
016710,대성홀딩스,KOSPI,STOCK
016740,두올,KOSPI,STOCK
0167A0,SOL AI반도체TOP2플러스,KOSPI,ETF
0167B0,SOL 200타겟위클리커버드콜,KOSPI,ETF
0167Z0,KODEX 미국우주항공,KOSPI,ETF
016800,퍼시스,KOSPI,STOCK
016880,웅진,KOSPI,STOCK
0168K0,TIGER 기술이전바이오액티브,KOSPI,ETF
017040,광명전기,KOSPI,STOCK
017180,명문제약,KOSPI,STOCK
0172V0,1Q 은액티브,KOSPI,ETF
0172Y0,ACE K수출핵심TOP10산업액티브,KOSPI,ETF
017370,우신시스템,KOSPI,STOCK
017390,서울가스,KOSPI,STOCK
0173Y0,KODEX 미국AI광통신네트워크,KOSPI,ETF
0174B0,KoAct 글로벌AI메모리반도체액티브,KOSPI,ETF
0174J0,DAISHIN343 오피스리츠플러스,KOSPI,ETF
0174R0,KIWOOM 미국성장다우존스,KOSPI,ETF
017550,수산세보틱스,KOSPI,STOCK
017670,SK텔레콤,KOSPI,STOCK
0176E0,RISE 미국AI전력인프라액티브,KOSPI,ETF
0176P0,FOCUS AI반도체위클리고정커버드콜,KOSPI,ETF
0177A0,WON 두산그룹포커스,KOSPI,ETF
0177N0,KODEX 삼성전자SK하이닉스채권혼합50,KOSPI,ETF
0177R0,TIGER 반도체TOP10커버드콜액티브,KOSPI,ETF
0177X0,ACE K휴머노이드로봇산업TOP2+,KOSPI,ETF
017800,현대엘리베이터,KOSPI,STOCK
017810,풀무원,KOSPI,STOCK
017860,DS단석,KOSPI,STOCK
0178H0,IBK 미국AI TOP10국채혼합50,KOSPI,ETF
017900,광전자,KOSPI,STOCK
017940,E1,KOSPI,STOCK
017960,한국카본,KOSPI,STOCK
0180V0,ACE 미국우주테크액티브,KOSPI,ETF
0181B0,HANARO 미국AI메모리반도체TOP4+,KOSPI,ETF
0181L0,SOL 미국우주항공TOP10,KOSPI,ETF
018250,애경산업,KOSPI,STOCK
018260,삼성에스디에스,KOSPI,STOCK
0182R0,1Q K반도체TOP2+,KOSPI,ETF
0182S0,1Q K반도체TOP2채권혼합50,KOSPI,ETF
0183J0,TIGER 미국우주테크,KOSPI,ETF
0183V0,KIWOOM 삼성전자&SK하이닉스채권혼합50,KOSPI,ETF
018470,조일알미늄,KOSPI,STOCK
0184E0,1Q 200채권혼합50액티브,KOSPI,ETF
0184L0,PLUS 중기종합채권(A-이상)액티브,KOSPI,ETF
0184N0,PLUS 은채권혼합,KOSPI,ETF
0184V0,UNICORN K바이오액티브,KOSPI,ETF
018500,동원모빌리티,KOSPI,STOCK
0185L0,TIME 글로벌휴머노이드로봇산업액티브,KOSPI,ETF
018670,SK가스,KOSPI,STOCK
0186L0,KoAct 미국로봇피지컬AI액티브,KOSPI,ETF
0186S0,1Q 코스닥150채권혼합50액티브,KOSPI,ETF
018880,한온시스템,KOSPI,STOCK
0189B0,TIGER 은액티브,KOSPI,ETF
0189Z0,DAISHIN343 금융&지주고배당,KOSPI,ETF
0190C0,RISE 현대차고정피지컬AI,KOSPI,ETF
0190G0,KODEX 반도체타겟위클리커버드콜,KOSPI,ETF
0190M0,KIWOOM 미국AI테크하이베타,KOSPI,ETF
0190Y0,TIGER 구글밸류체인,KOSPI,ETF
019170,신풍제약,KOSPI,STOCK
019175,신풍제약우,KOSPI,STOCK
019180,티에이치엔,KOSPI,STOCK
0191B0,MIDAS 코스닥액티브,KOSPI,ETF
0191M0,마이티 5월만기자동연장특수채(AAA)액티브,KOSPI,ETF
0191S0,IBK 코스닥150,KOSPI,ETF
0191W0,HANARO 중기종합채권(A-이상)액티브,KOSPI,ETF
0192L0,RISE SK하이닉스단일종목레버리지,KOSPI,ETF
0192M0,RISE 삼성전자단일종목레버리지,KOSPI,ETF
0192S0,SOL 코스피200채권혼합50,KOSPI,ETF
0192T0,SOL 코스닥TOP10,KOSPI,ETF
0192Z0,TIGER 중기종합채권(A-이상)액티브,KOSPI,ETF
0193G0,KoAct 코스피액티브,KOSPI,ETF
0193K0,PLUS 삼성전자단일종목레버리지,KOSPI,ETF
0193L0,PLUS 삼성전자선물단일종목인버스2X,KOSPI,ETF
0193M0,BNK 27-12 특수채(AAA이상)액티브,KOSPI,ETF
0193T0,KODEX SK하이닉스단일종목레버리지,KOSPI,ETF
0193W0,KODEX 삼성전자단일종목레버리지,KOSPI,ETF
019490,엑시큐어하이트론,KOSPI,STOCK
0194M0,ACE 삼성전자단일종목레버리지,KOSPI,ETF
0194N0,KIWOOM 삼성전자선물단일종목레버리지,KOSPI,ETF
0194R0,KIWOOM SK하이닉스선물단일종목레버리지,KOSPI,ETF
0194T0,ACE SK하이닉스단일종목레버리지,KOSPI,ETF
0195R0,TIGER 삼성전자단일종목레버리지,KOSPI,ETF
0195S0,TIGER SK하이닉스단일종목레버리지,KOSPI,ETF
019680,대교,KOSPI,STOCK
019685,대교우B,KOSPI,STOCK
0197W0,SOL SK하이닉스단일종목레버리지,KOSPI,ETF
0197X0,SOL SK하이닉스선물단일종목인버스2X,KOSPI,ETF
0198A0,KIWOOM 코스닥150커버드콜액티브,KOSPI,ETF
0198B0,1Q 삼성전자선물단일종목레버리지,KOSPI,ETF
0198D0,1Q SK하이닉스선물단일종목레버리지,KOSPI,ETF
0199C0,ACE 고배당주Plus커버드콜액티브,KOSPI,ETF
020000,한섬,KOSPI,STOCK
020120,키다리스튜디오,KOSPI,STOCK
020150,롯데에너지머티리얼즈,KOSPI,STOCK
0203D0,PLUS 200위클리커버드콜채권혼합,KOSPI,ETF
0203R0,WON 중단기종합채권(A-이상)액티브,KOSPI,ETF
0203S0,WON 삼성전자현대차채권혼합50,KOSPI,ETF
0204D0,KODEX 현대차로보틱스밸류체인TOP3플러스,KOSPI,ETF
0204S0,TIGER 코스닥액티브,KOSPI,ETF
020560,아시아나항공,KOSPI,STOCK
0206G0,1Q 현대차기아채권혼합50,KOSPI,ETF
020760,일진디스플,KOSPI,STOCK
0207G0,SOL 우주항공밸류체인,KOSPI,ETF
0207Z0,KIWOOM 미국우주데이터센터인프라,KOSPI,ETF
0208N0,IBK 코스피액티브,KOSPI,ETF
0209D0,KODEX 전고체배터리ESS TOP2플러스,KOSPI,ETF
0209Z0,ACE 코리아AI전력TOP10,KOSPI,ETF
021050,서원,KOSPI,STOCK
0210A0,ACE K반도체TOP2+,KOSPI,ETF
0210E0,PLUS 200커버드콜액티브,KOSPI,ETF
021240,코웨이,KOSPI,STOCK
0215T0,HANARO 미국AI광통신TOP10,KOSPI,ETF
0216K0,KIWOOM 미국우주테크TOP2채권혼합50,KOSPI,ETF
0216Z0,ACE K방산TOP5+,KOSPI,ETF
021820,세원정공,KOSPI,STOCK
0218J0,RISE 미국우주&로봇TOP2미국채혼합50,KOSPI,ETF
0218K0,BNK 스마트카,KOSPI,ETF
0219B0,KoAct 광통신&위성네트워크액티브,KOSPI,ETF
0219E0,KODEX 200커버드콜액티브,KOSPI,ETF
0220A0,KIWOOM 현대차그룹TOP3채권혼합50,KOSPI,ETF
0220B0,DS 코스닥액티브,KOSPI,ETF
022100,포스코DX,KOSPI,STOCK
0221V0,IBK 초단기채권액티브,KOSPI,ETF
0221Z0,ACE K바이오코스닥액티브,KOSPI,ETF
0223R0,TIGER 미국테크NYSE100액티브,KOSPI,ETF
023000,삼원강재,KOSPI,STOCK
023150,MH에탄올,KOSPI,STOCK
023350,한국종합기술,KOSPI,STOCK
023450,동남합성,KOSPI,STOCK
023530,롯데쇼핑,KOSPI,STOCK
023590,다우기술,KOSPI,STOCK
023800,인지컨트롤스,KOSPI,STOCK
023810,인팩,KOSPI,STOCK
023960,에쓰씨엔지니어링,KOSPI,STOCK
024070,WISCOM,KOSPI,STOCK
024090,디씨엠,KOSPI,STOCK
024110,기업은행,KOSPI,STOCK
024720,콜마홀딩스,KOSPI,STOCK
024890,대원화성,KOSPI,STOCK
024900,디와이덕양,KOSPI,STOCK
025000,KPX케미칼,KOSPI,STOCK
025530,SJM홀딩스,KOSPI,STOCK
025540,한국단자,KOSPI,STOCK
025560,미래산업,KOSPI,STOCK
025620,차AI헬스케어,KOSPI,STOCK
025750,한솔홈데코,KOSPI,STOCK
025820,이구산업,KOSPI,STOCK
025860,남해화학,KOSPI,STOCK
025890,한국주강,KOSPI,STOCK
026890,스틱인베스트먼트,KOSPI,STOCK
026940,부국철강,KOSPI,STOCK
026960,동서,KOSPI,STOCK
027410,BGF,KOSPI,STOCK
027740,마니커,KOSPI,STOCK
027970,한국제지,KOSPI,STOCK
028050,삼성E&A,KOSPI,STOCK
028100,동아지질,KOSPI,STOCK
028260,삼성물산,KOSPI,STOCK
02826K,삼성물산우B,KOSPI,STOCK
028670,팬오션,KOSPI,STOCK
029460,케이씨,KOSPI,STOCK
029530,신도리코,KOSPI,STOCK
029780,삼성카드,KOSPI,STOCK
030000,제일기획,KOSPI,STOCK
030190,NICE평가정보,KOSPI,STOCK
030200,KT,KOSPI,STOCK
030210,다올투자증권,KOSPI,STOCK
030610,교보증권,KOSPI,STOCK
030720,동원수산,KOSPI,STOCK
031210,서울보증보험,KOSPI,STOCK
031430,신세계인터내셔날,KOSPI,STOCK
031440,신세계푸드,KOSPI,STOCK
031820,아이티센씨티에스,KOSPI,STOCK
032350,롯데관광개발,KOSPI,STOCK
032560,황금에스티,KOSPI,STOCK
032640,LG유플러스,KOSPI,STOCK
032830,삼성생명,KOSPI,STOCK
033240,자화전자,KOSPI,STOCK
033250,체시스,KOSPI,STOCK
033270,유나이티드제약,KOSPI,STOCK
033530,SJG세종,KOSPI,STOCK
033780,KT&G,KOSPI,STOCK
033920,무학,KOSPI,STOCK
034020,두산에너빌리티,KOSPI,STOCK
034120,SBS,KOSPI,STOCK
034220,LG디스플레이,KOSPI,STOCK
034230,파라다이스,KOSPI,STOCK
034310,NICE,KOSPI,STOCK
034590,인천도시가스,KOSPI,STOCK
034730,SK,KOSPI,STOCK
03473K,SK우,KOSPI,STOCK
034830,한국토지신탁,KOSPI,STOCK
035000,HS애드,KOSPI,STOCK
035150,백산,KOSPI,STOCK
035250,강원랜드,KOSPI,STOCK
035420,NAVER,KOSPI,STOCK
035510,신세계 I&C,KOSPI,STOCK
035720,카카오,KOSPI,STOCK
036420,콘텐트리중앙,KOSPI,STOCK
036460,한국가스공사,KOSPI,STOCK
036530,SNT홀딩스,KOSPI,STOCK
036570,NC,KOSPI,STOCK
036580,팜스코,KOSPI,STOCK
037270,YG PLUS,KOSPI,STOCK
037560,LG헬로비전,KOSPI,STOCK
037710,광주신세계,KOSPI,STOCK
039130,하나투어,KOSPI,STOCK
039490,키움증권,KOSPI,STOCK
039570,HDC랩스,KOSPI,STOCK
041650,상신브레이크,KOSPI,STOCK
042660,한화오션,KOSPI,STOCK
042700,한미반도체,KOSPI,STOCK
044380,주연테크,KOSPI,STOCK
044450,KSS해운,KOSPI,STOCK
044820,코스맥스비티아이,KOSPI,STOCK
047040,대우건설,KOSPI,STOCK
047050,포스코인터내셔널,KOSPI,STOCK
047400,유니온머티리얼,KOSPI,STOCK
047810,한국항공우주,KOSPI,STOCK
049800,우진플라임,KOSPI,STOCK
051600,한전KPS,KOSPI,STOCK
051630,진양화학,KOSPI,STOCK
051900,LG생활건강,KOSPI,STOCK
051905,LG생활건강우,KOSPI,STOCK
051910,LG화학,KOSPI,STOCK
051915,LG화학우,KOSPI,STOCK
052690,한전기술,KOSPI,STOCK
053210,스카이라이프,KOSPI,STOCK
053690,한미글로벌,KOSPI,STOCK
055490,테이팩스,KOSPI,STOCK
055550,신한지주,KOSPI,STOCK
058430,포스코스틸리온,KOSPI,STOCK
058650,세아홀딩스,KOSPI,STOCK
058730,다스코,KOSPI,STOCK
058850,KTcs,KOSPI,STOCK
058860,KTis,KOSPI,STOCK
060980,HL홀딩스,KOSPI,STOCK
062040,산일전기,KOSPI,STOCK
063160,종근당바이오,KOSPI,STOCK
064350,현대로템,KOSPI,STOCK
064400,LG씨엔에스,KOSPI,STOCK
064960,SNT모티브,KOSPI,STOCK
066570,LG전자,KOSPI,STOCK
066575,LG전자우,KOSPI,STOCK
066970,엘앤에프,KOSPI,STOCK
067830,세이브존I&C,KOSPI,STOCK
068270,셀트리온,KOSPI,STOCK
068290,삼성출판사,KOSPI,STOCK
069260,TKG휴켐스,KOSPI,STOCK
069460,대호에이엘,KOSPI,STOCK
069500,KODEX 200,KOSPI,ETF
069620,대웅제약,KOSPI,STOCK
069640,한세엠케이,KOSPI,STOCK
069660,KIWOOM 200,KOSPI,ETF
069730,DSR제강,KOSPI,STOCK
069960,현대백화점,KOSPI,STOCK
070960,모나용평,KOSPI,STOCK
071050,한국금융지주,KOSPI,STOCK
071055,한국금융지주우,KOSPI,STOCK
071090,하이스틸,KOSPI,STOCK
071320,지역난방공사,KOSPI,STOCK
071840,롯데하이마트,KOSPI,STOCK
071950,코아스,KOSPI,STOCK
071970,HD현대마린엔진,KOSPI,STOCK
072130,유엔젤,KOSPI,STOCK
072710,농심홀딩스,KOSPI,STOCK
073240,금호타이어,KOSPI,STOCK
074610,이엔플러스,KOSPI,STOCK
075180,새론오토모티브,KOSPI,STOCK
075580,세진중공업,KOSPI,STOCK
077500,유니퀘스트,KOSPI,STOCK
077970,STX엔진,KOSPI,STOCK
078000,텔코웨어,KOSPI,STOCK
078520,에이블씨엔씨,KOSPI,STOCK
078930,GS,KOSPI,STOCK
078935,GS우,KOSPI,STOCK
079160,CJ CGV,KOSPI,STOCK
079430,현대리바트,KOSPI,STOCK
079550,LIG디펜스앤에어로스페이스,KOSPI,STOCK
079900,전진건설로봇,KOSPI,STOCK
079980,휴비스,KOSPI,STOCK
081000,일진다이아,KOSPI,STOCK
081660,미스토홀딩스,KOSPI,STOCK
082640,동양생명,KOSPI,STOCK
082740,한화엔진,KOSPI,STOCK
083420,그린케미칼,KOSPI,STOCK
084010,대한제강,KOSPI,STOCK
084670,동양고속,KOSPI,STOCK
084680,이월드,KOSPI,STOCK
084690,대상홀딩스,KOSPI,STOCK
084695,대상홀딩스우,KOSPI,STOCK
084870,TBH글로벌,KOSPI,STOCK
085310,엔케이,KOSPI,STOCK
085620,미래에셋생명,KOSPI,STOCK
086280,현대글로비스,KOSPI,STOCK
086790,하나금융지주,KOSPI,STOCK
088260,이리츠코크렙,KOSPI,STOCK
088350,한화생명,KOSPI,STOCK
088790,진도,KOSPI,STOCK
088980,맥쿼리인프라,KOSPI,STOCK
089470,HDC현대EP,KOSPI,STOCK
089590,제주항공,KOSPI,STOCK
089860,롯데렌탈,KOSPI,STOCK
090080,평화산업,KOSPI,STOCK
090350,노루페인트,KOSPI,STOCK
090355,노루페인트우,KOSPI,STOCK
090370,메타랩스,KOSPI,STOCK
090430,아모레퍼시픽,KOSPI,STOCK
090435,아모레퍼시픽우,KOSPI,STOCK
090460,비에이치,KOSPI,STOCK
091160,KODEX 반도체,KOSPI,ETF
091170,KODEX 은행,KOSPI,ETF
091180,KODEX 자동차,KOSPI,ETF
091220,TIGER 은행,KOSPI,ETF
091230,TIGER 반도체,KOSPI,ETF
091810,트리니티항공,KOSPI,STOCK
092200,디아이씨,KOSPI,STOCK
092220,KEC,KOSPI,STOCK
092230,KPX홀딩스,KOSPI,STOCK
092440,기신정기,KOSPI,STOCK
092780,DYP,KOSPI,STOCK
092790,넥스틸,KOSPI,STOCK
093050,LF,KOSPI,STOCK
093240,형지엘리트,KOSPI,STOCK
093370,후성,KOSPI,STOCK
094280,효성ITX,KOSPI,STOCK
094800,맵스리얼티,KOSPI,STOCK
095570,AJ네트웍스,KOSPI,STOCK
095720,웅진씽크빅,KOSPI,STOCK
096760,JW홀딩스,KOSPI,STOCK
096770,SK이노베이션,KOSPI,STOCK
096775,SK이노베이션우,KOSPI,STOCK
097230,HJ중공업,KOSPI,STOCK
097520,엠씨넥스,KOSPI,STOCK
097950,CJ제일제당,KOSPI,STOCK
097955,CJ제일제당 우,KOSPI,STOCK
099140,KODEX 차이나H,KOSPI,ETF
100090,SK오션플랜트,KOSPI,STOCK
100220,비상교육,KOSPI,STOCK
100250,진양홀딩스,KOSPI,STOCK
100840,SNT에너지,KOSPI,STOCK
100910,KIWOOM KRX100,KOSPI,ETF
101140,인바이오젠,KOSPI,STOCK
101280,KODEX 일본TOPIX100,KOSPI,ETF
101530,해태제과식품,KOSPI,STOCK
102110,TIGER 200,KOSPI,ETF
102260,동성케미컬,KOSPI,STOCK
102460,이연제약,KOSPI,STOCK
102780,KODEX 삼성그룹,KOSPI,ETF
102960,KODEX 기계장비,KOSPI,ETF
102970,KODEX 증권,KOSPI,ETF
103140,풍산,KOSPI,STOCK
103590,일진전기,KOSPI,STOCK
104520,KIWOOM 블루칩,KOSPI,ETF
104530,KIWOOM 코리아고배당,KOSPI,ETF
104700,한국철강,KOSPI,STOCK
105010,TIGER 라틴35,KOSPI,ETF
105190,ACE 200,KOSPI,ETF
105560,KB금융,KOSPI,STOCK
105630,한세실업,KOSPI,STOCK
105780,RISE 5대그룹주,KOSPI,ETF
105840,우진,KOSPI,STOCK
107590,미원홀딩스,KOSPI,STOCK
108320,LX세미콘,KOSPI,STOCK
108450,ACE 삼성그룹섹터가중,KOSPI,ETF
108590,TREX 200,KOSPI,ETF
108670,LX하우시스,KOSPI,STOCK
108675,LX하우시스우,KOSPI,STOCK
109070,주성코퍼레이션,KOSPI,STOCK
111110,호전실업,KOSPI,STOCK
111380,동인기연,KOSPI,STOCK
111770,영원무역,KOSPI,STOCK
112610,씨에스윈드,KOSPI,STOCK
114090,GKL,KOSPI,STOCK
114100,RISE 국고채3년,KOSPI,ETF
114260,KODEX 국고채3년,KOSPI,ETF
114460,ACE 국고채3년,KOSPI,ETF
114470,KIWOOM 국고채3년,KOSPI,ETF
114800,KODEX 인버스,KOSPI,ETF
114820,TIGER 국채3년,KOSPI,ETF
117460,KODEX 에너지화학,KOSPI,ETF
117580,대성에너지,KOSPI,STOCK
117680,KODEX 철강,KOSPI,ETF
117690,TIGER 차이나항셍30,KOSPI,ETF
117700,KODEX 건설,KOSPI,ETF
118000,메타케어,KOSPI,STOCK
119650,KC코트렐,KOSPI,STOCK
120030,조선선재,KOSPI,STOCK
120110,코오롱인더,KOSPI,STOCK
120115,코오롱인더우,KOSPI,STOCK
122090,PLUS 코스피50,KOSPI,ETF
122260,KIWOOM 통안채1년,KOSPI,ETF
122630,KODEX 레버리지,KOSPI,ETF
122900,아이마켓코리아,KOSPI,STOCK
123310,TIGER 인버스,KOSPI,ETF
123320,TIGER 레버리지,KOSPI,ETF
123690,한국화장품,KOSPI,STOCK
123700,SJM,KOSPI,STOCK
123890,한국자산신탁,KOSPI,STOCK
126560,현대퓨처넷,KOSPI,STOCK
126720,수산인더스트리,KOSPI,STOCK
128820,대성산업,KOSPI,STOCK
128940,한미약품,KOSPI,STOCK
129260,인터지스,KOSPI,STOCK
130660,한전산업,KOSPI,STOCK
130680,TIGER 원유선물Enhanced(H),KOSPI,ETF
130730,KIWOOM 단기자금,KOSPI,ETF
131890,ACE 삼성그룹동일가중,KOSPI,ETF
132030,KODEX 골드선물(H),KOSPI,ETF
133690,TIGER 미국나스닥100,KOSPI,ETF
133820,화인베스틸,KOSPI,STOCK
134380,미원화학,KOSPI,STOCK
134790,시디즈,KOSPI,STOCK
136340,RISE 중기우량회사채,KOSPI,ETF
136490,선진,KOSPI,STOCK
137310,에스디바이오센서,KOSPI,STOCK
137610,TIGER 농산물선물Enhanced(H),KOSPI,ETF
138040,메리츠금융지주,KOSPI,STOCK
138230,KIWOOM 미국달러선물,KOSPI,ETF
138520,TIGER 삼성그룹,KOSPI,ETF
138530,TIGER LG그룹플러스,KOSPI,ETF
138540,TIGER 현대차그룹플러스,KOSPI,ETF
138910,KODEX 구리선물(H),KOSPI,ETF
138920,KODEX 콩선물(H),KOSPI,ETF
138930,BNK금융지주,KOSPI,STOCK
139130,iM금융지주,KOSPI,STOCK
139220,TIGER 200 건설,KOSPI,ETF
139230,TIGER 200 중공업,KOSPI,ETF
139240,TIGER 200 철강소재,KOSPI,ETF
139250,TIGER 200 에너지화학,KOSPI,ETF
139260,TIGER 200 IT,KOSPI,ETF
139270,TIGER 200 금융,KOSPI,ETF
139280,TIGER 경기방어,KOSPI,ETF
139290,TIGER 200 경기소비재,KOSPI,ETF
139320,TIGER 금은선물(H),KOSPI,ETF
139480,이마트,KOSPI,STOCK
139660,KIWOOM 미국달러선물인버스,KOSPI,ETF
139990,아주스틸,KOSPI,STOCK
140570,RISE 수출주,KOSPI,ETF
140580,RISE 우량업종대표주,KOSPI,ETF
140700,KODEX 보험,KOSPI,ETF
140710,KODEX 운송,KOSPI,ETF
140950,파워 코스피100,KOSPI,ETF
143210,핸즈코퍼레이션,KOSPI,STOCK
143850,TIGER 미국S&P500선물(H),KOSPI,ETF
143860,TIGER 헬스케어,KOSPI,ETF
144600,KODEX 은선물(H),KOSPI,ETF
145210,다이나믹디자인,KOSPI,STOCK
145270,케이탑리츠,KOSPI,STOCK
145670,ACE 인버스,KOSPI,ETF
145720,덴티움,KOSPI,STOCK
145850,TREX 펀더멘탈 200,KOSPI,ETF
145990,삼양사,KOSPI,STOCK
145995,삼양사우,KOSPI,STOCK
147970,TIGER 모멘텀,KOSPI,ETF
148020,RISE 200,KOSPI,ETF
148070,KIWOOM 국고채10년,KOSPI,ETF
150460,TIGER 중국소비테마,KOSPI,ETF
152100,PLUS 200,KOSPI,ETF
152380,KODEX 국채선물10년,KOSPI,ETF
152500,ACE 레버리지,KOSPI,ETF
152870,파워 200,KOSPI,ETF
153130,KODEX 단기채권,KOSPI,ETF
153270,KIWOOM 코스피100,KOSPI,ETF
155660,DSR,KOSPI,STOCK
156080,KODEX MSCI Korea,KOSPI,ETF
157450,TIGER 단기통안채,KOSPI,ETF
157490,TIGER 소프트웨어,KOSPI,ETF
157500,TIGER 증권,KOSPI,ETF
159800,마이티 코스피100,KOSPI,ETF
160580,TIGER 구리실물,KOSPI,ETF
161000,애경케미칼,KOSPI,STOCK
161390,한국타이어앤테크놀로지,KOSPI,STOCK
161510,PLUS 고배당주,KOSPI,ETF
161890,한국콜마,KOSPI,STOCK
163560,동일고무벨트,KOSPI,STOCK
166400,TIGER 200커버드콜OTM,KOSPI,ETF
167860,KIWOOM 국고채10년레버리지,KOSPI,ETF
168580,ACE 중국본토CSI300,KOSPI,ETF
169950,KODEX 차이나A50,KOSPI,ETF
170900,동아에스티,KOSPI,STOCK
174350,TIGER 로우볼,KOSPI,ETF
174360,RISE 중국본토대형주CSI100,KOSPI,ETF
175330,JB금융지주,KOSPI,STOCK
176950,KODEX 국채선물10년인버스,KOSPI,ETF
178920,PI첨단소재,KOSPI,STOCK
180640,한진칼,KOSPI,STOCK
18064K,한진칼우,KOSPI,STOCK
181480,ACE 미국부동산리츠(합성 H),KOSPI,ETF
181710,NHN,KOSPI,STOCK
182480,TIGER 미국MSCI리츠(합성 H),KOSPI,ETF
182490,TIGER 단기선진하이일드(합성 H),KOSPI,ETF
183190,아세아시멘트,KOSPI,STOCK
183700,RISE 200채권혼합50,KOSPI,ETF
183710,RISE 주식혼합,KOSPI,ETF
185680,KODEX 미국S&P바이오(합성),KOSPI,ETF
185750,종근당,KOSPI,STOCK
189400,PLUS 글로벌MSCI(합성 H),KOSPI,ETF
190620,ACE 단기통안채,KOSPI,ETF
192080,더블유게임즈,KOSPI,STOCK
192090,TIGER 차이나CSI300,KOSPI,ETF
192400,쿠쿠홀딩스,KOSPI,STOCK
192650,드림텍,KOSPI,STOCK
192720,파워 고배당저변동성,KOSPI,ETF
192820,코스맥스,KOSPI,STOCK
194370,제이에스코퍼레이션,KOSPI,STOCK
195870,해성디에스,KOSPI,STOCK
195920,TIGER 일본TOPIX(합성 H),KOSPI,ETF
195930,TIGER 유로스탁스50(합성 H),KOSPI,ETF
195970,PLUS 선진국MSCI(합성 H),KOSPI,ETF
195980,PLUS 신흥국MSCI(합성 H),KOSPI,ETF
196030,ACE 일본TOPIX레버리지(H),KOSPI,ETF
196230,RISE 단기통안채,KOSPI,ETF
200030,KODEX 미국S&P500산업재(합성),KOSPI,ETF
200250,KIWOOM 인도Nifty50(합성),KOSPI,ETF
200880,서연이화,KOSPI,STOCK
203780,TIGER 미국나스닥바이오,KOSPI,ETF
204320,HL만도,KOSPI,STOCK
204450,KODEX 차이나H레버리지(H),KOSPI,ETF
204480,TIGER 차이나CSI300레버리지(합성),KOSPI,ETF
205720,ACE 일본TOPIX인버스(합성 H),KOSPI,ETF
207940,삼성바이오로직스,KOSPI,STOCK
210540,디와이파워,KOSPI,STOCK
210780,TIGER 코스피고배당,KOSPI,ETF
210980,SK디앤디,KOSPI,STOCK
211560,TIGER 배당성장,KOSPI,ETF
211900,KODEX 코리아배당성장,KOSPI,ETF
213500,한솔제지,KOSPI,STOCK
213610,KODEX 삼성그룹밸류,KOSPI,ETF
213630,PLUS 미국다우존스고배당주(합성 H),KOSPI,ETF
214320,이노션,KOSPI,STOCK
214330,금호에이치티,KOSPI,STOCK
214390,경보제약,KOSPI,STOCK
214420,토니모리,KOSPI,STOCK
214980,KODEX 단기채권PLUS,KOSPI,ETF
215620,HK S&P코리아로우볼,KOSPI,ETF
217590,티엠씨,KOSPI,STOCK
217770,TIGER 원유선물인버스(H),KOSPI,ETF
217780,TIGER 차이나CSI300인버스(합성),KOSPI,ETF
218420,KODEX 미국S&P500에너지(합성),KOSPI,ETF
219390,RISE 미국S&P원유생산기업(합성 H),KOSPI,ETF
219480,KODEX 미국S&P500선물(H),KOSPI,ETF
219900,ACE 중국본토CSI300레버리지(합성),KOSPI,ETF
220130,SOL 차이나강소기업CSI500(합성 H),KOSPI,ETF
223190,KODEX 200가치저변동,KOSPI,ETF
225030,TIGER 미국S&P500선물인버스(H),KOSPI,ETF
225040,TIGER 미국S&P500레버리지(합성 H),KOSPI,ETF
225050,TIGER 유로스탁스레버리지(합성 H),KOSPI,ETF
225060,TIGER 이머징마켓MSCI레버리지(합성 H),KOSPI,ETF
225130,ACE 골드선물 레버리지(합성 H),KOSPI,ETF
225800,KIWOOM 미국달러선물레버리지,KOSPI,ETF
226320,잇츠한불,KOSPI,STOCK
226380,ACE Fn성장소비주도주,KOSPI,ETF
226490,KODEX 코스피,KOSPI,ETF
226980,KODEX 200 중소형,KOSPI,ETF
227540,TIGER 200 헬스케어,KOSPI,ETF
227550,TIGER 200 산업재,KOSPI,ETF
227560,TIGER 200 생활소비재,KOSPI,ETF
227570,TIGER 우량가치,KOSPI,ETF
227830,PLUS 코스피,KOSPI,ETF
227840,현대코퍼레이션홀딩스,KOSPI,STOCK
228790,TIGER 화장품,KOSPI,ETF
228800,TIGER 여행레저,KOSPI,ETF
228810,TIGER 미디어컨텐츠,KOSPI,ETF
228820,TIGER KTOP30,KOSPI,ETF
229200,KODEX 코스닥150,KOSPI,ETF
229640,LS에코에너지,KOSPI,STOCK
229720,KODEX KTOP30,KOSPI,ETF
230480,KIWOOM 미국달러선물인버스2X,KOSPI,ETF
232080,TIGER 코스닥150,KOSPI,ETF
233160,TIGER 코스닥150 레버리지,KOSPI,ETF
233740,KODEX 코스닥150레버리지,KOSPI,ETF
234080,JW생명과학,KOSPI,STOCK
234310,RISE V&S셀렉트밸류,KOSPI,ETF
236350,TIGER 인도니프티50레버리지(합성),KOSPI,ETF
237350,KODEX 코스피100,KOSPI,ETF
237370,KODEX 코리아배당성장채권혼합,KOSPI,ETF
237440,TIGER 경기방어채권혼합,KOSPI,ETF
238670,PLUS 스마트베타Quality채권혼합,KOSPI,ETF
238720,ACE 일본Nikkei225(H),KOSPI,ETF
239660,PLUS 우량회사채50,KOSPI,ETF
241180,TIGER 일본니케이225,KOSPI,ETF
241390,RISE V&S셀렉트밸류채권혼합,KOSPI,ETF
241560,두산밥캣,KOSPI,STOCK
241590,화승엔터프라이즈,KOSPI,STOCK
243880,TIGER 200IT레버리지,KOSPI,ETF
243890,TIGER 200에너지화학레버리지,KOSPI,ETF
244580,KODEX 바이오,KOSPI,ETF
244620,KODEX 모멘텀Plus,KOSPI,ETF
244660,KODEX 퀄리티Plus,KOSPI,ETF
244670,KODEX 밸류Plus,KOSPI,ETF
244920,에이플러스에셋,KOSPI,STOCK
245340,TIGER 미국다우존스30,KOSPI,ETF
245350,TIGER 유로스탁스배당30,KOSPI,ETF
245360,TIGER 차이나HSCEI,KOSPI,ETF
245710,ACE 베트남VN30(합성),KOSPI,ETF
248070,솔루엠,KOSPI,STOCK
248170,샘표식품,KOSPI,STOCK
248270,TIGER S&P글로벌헬스케어(합성),KOSPI,ETF
249420,일동제약,KOSPI,STOCK
250730,RISE 차이나HSCEI(H),KOSPI,ETF
250780,TIGER 코스닥150선물인버스,KOSPI,ETF
251270,넷마블,KOSPI,STOCK
251340,KODEX 코스닥150선물인버스,KOSPI,ETF
251350,KODEX MSCI선진국,KOSPI,ETF
251590,PLUS 고배당저변동50,KOSPI,ETF
251600,PLUS 고배당주채권혼합,KOSPI,ETF
252000,TIGER 200동일가중,KOSPI,ETF
252400,RISE 200선물레버리지,KOSPI,ETF
252410,RISE 200선물인버스,KOSPI,ETF
252420,RISE 200선물인버스2X,KOSPI,ETF
252650,KODEX 200동일가중,KOSPI,ETF
252670,KODEX 200선물인버스2X,KOSPI,ETF
252710,TIGER 200선물인버스2X,KOSPI,ETF
253150,PLUS 200선물레버리지,KOSPI,ETF
253160,PLUS 200선물인버스2X,KOSPI,ETF
253230,KIWOOM 200선물인버스2X,KOSPI,ETF
253240,KIWOOM 200선물인버스,KOSPI,ETF
253250,KIWOOM 200선물레버리지,KOSPI,ETF
253280,RISE 헬스케어,KOSPI,ETF
253290,RISE 헬스케어채권혼합,KOSPI,ETF
256440,ACE MSCI인도네시아(합성),KOSPI,ETF
256450,PLUS 심천차이넥스트(합성),KOSPI,ETF
256750,KODEX 차이나심천ChiNext(합성),KOSPI,ETF
259960,크래프톤,KOSPI,STOCK
261060,TIGER 코스닥150IT,KOSPI,ETF
261070,TIGER 코스닥150바이오테크,KOSPI,ETF
261110,TIGER 미국달러선물레버리지,KOSPI,ETF
261120,TIGER 미국달러선물인버스2X,KOSPI,ETF
261140,TIGER 우선주,KOSPI,ETF
261220,KODEX WTI원유선물(H),KOSPI,ETF
261240,KODEX 미국달러선물,KOSPI,ETF
261250,KODEX 미국달러선물레버리지,KOSPI,ETF
261260,KODEX 미국달러선물인버스2X,KOSPI,ETF
261270,KODEX 미국달러선물인버스,KOSPI,ETF
261920,ACE MSCI필리핀(합성),KOSPI,ETF
264900,크라운제과,KOSPI,STOCK
26490K,크라운제과우,KOSPI,STOCK
265690,ACE 러시아MSCI(합성),KOSPI,ETF
266160,RISE 고배당,KOSPI,ETF
266360,KODEX K콘텐츠,KOSPI,ETF
266370,KODEX IT,KOSPI,ETF
266390,KODEX 경기소비재,KOSPI,ETF
266410,KODEX 필수소비재,KOSPI,ETF
266420,KODEX 헬스케어,KOSPI,ETF
266550,PLUS 중형주저변동50,KOSPI,ETF
267250,HD현대,KOSPI,STOCK
267260,HD현대일렉트릭,KOSPI,STOCK
267270,HD건설기계,KOSPI,STOCK
267290,경동도시가스,KOSPI,STOCK
267440,RISE 미국장기국채선물(H),KOSPI,ETF
267450,RISE 미국장기국채선물인버스(H),KOSPI,ETF
267490,RISE 미국장기국채선물레버리지(합성 H),KOSPI,ETF
267770,TIGER 200선물레버리지,KOSPI,ETF
267850,아시아나IDT,KOSPI,STOCK
268280,미원에스씨,KOSPI,STOCK
269370,TIGER S&P글로벌인프라(합성),KOSPI,ETF
269420,KODEX S&P글로벌인프라(합성),KOSPI,ETF
269530,PLUS S&P글로벌인프라,KOSPI,ETF
269540,PLUS 미국S&P500(H),KOSPI,ETF
270800,RISE KQ고배당,KOSPI,ETF
270810,RISE 코스닥150,KOSPI,ETF
271050,KODEX WTI원유선물인버스(H),KOSPI,ETF
271060,KODEX 3대농산물선물(H),KOSPI,ETF
271560,오리온,KOSPI,STOCK
271940,일진하이솔루스,KOSPI,STOCK
271980,제일약품,KOSPI,STOCK
272210,한화시스템,KOSPI,STOCK
272450,진에어,KOSPI,STOCK
272550,삼양패키징,KOSPI,STOCK
272560,RISE 단기국공채액티브,KOSPI,ETF
272570,RISE 중장기국공채액티브,KOSPI,ETF
272580,TIGER 단기채권액티브,KOSPI,ETF
272910,ACE 중장기국공채액티브,KOSPI,ETF
273130,KODEX 종합채권(AA-이상)액티브,KOSPI,ETF
273140,KODEX 단기변동금리부채권액티브,KOSPI,ETF
275280,KODEX 모멘텀주,KOSPI,ETF
275290,KODEX 가치주,KOSPI,ETF
275300,KODEX 우량주,KOSPI,ETF
275750,RISE 코스닥150선물인버스,KOSPI,ETF
275980,TIGER 글로벌4차산업혁신기술(합성 H),KOSPI,ETF
276000,TIGER 글로벌자원생산기업(합성 H),KOSPI,ETF
276650,RISE 글로벌테크놀로지(합성 H),KOSPI,ETF
276970,KODEX 미국S&P500배당귀족커버드콜(합성 H),KOSPI,ETF
276990,KODEX 글로벌로봇(합성),KOSPI,ETF
277540,ACE 아시아TOP50,KOSPI,ETF
277630,TIGER 코스피,KOSPI,ETF
277640,TIGER 코스피대형주,KOSPI,ETF
277650,TIGER 코스피중형주,KOSPI,ETF
278240,RISE 코스닥150선물레버리지,KOSPI,ETF
278470,에이피알,KOSPI,STOCK
278530,KODEX 200TR,KOSPI,ETF
278540,KODEX MSCI Korea TR,KOSPI,ETF
278620,PLUS 단기채권액티브,KOSPI,ETF
279530,KODEX 고배당주,KOSPI,ETF
279540,KODEX 최소변동성,KOSPI,ETF
279570,케이뱅크,KOSPI,STOCK
280320,ACE 미국IT인터넷(합성 H),KOSPI,ETF
280360,롯데웰푸드,KOSPI,STOCK
280920,PLUS 주도업종,KOSPI,ETF
280930,KODEX 미국러셀2000(H),KOSPI,ETF
280940,KODEX 골드선물인버스(H),KOSPI,ETF
281820,케이씨텍,KOSPI,STOCK
281990,RISE 중소형고배당,KOSPI,ETF
282000,RISE 국고채3년선물인버스,KOSPI,ETF
282330,BGF리테일,KOSPI,STOCK
283580,KODEX 차이나CSI300,KOSPI,ETF
284430,KODEX 200미국채혼합50,KOSPI,ETF
284740,쿠쿠홈시스,KOSPI,STOCK
284980,RISE 200금융,KOSPI,ETF
285130,SK케미칼,KOSPI,STOCK
28513K,SK케미칼우,KOSPI,STOCK
285690,FOCUS ESG리더스,KOSPI,ETF
286940,롯데이노베이트,KOSPI,STOCK
287180,PLUS 미국나스닥테크,KOSPI,ETF
289040,KODEX MSCI KOREA ESG유니버설,KOSPI,ETF
289250,TIGER MSCI KOREA ESG유니버설,KOSPI,ETF
289260,TIGER MSCI KOREA ESG리더스,KOSPI,ETF
289480,TIGER 200커버드콜,KOSPI,ETF
289670,PLUS 국채선물10년,KOSPI,ETF
290080,RISE 200고배당커버드콜ATM,KOSPI,ETF
290130,RISE ESG사회책임투자,KOSPI,ETF
291130,ACE MSCI멕시코(합성),KOSPI,ETF
291620,KIWOOM 코스닥150선물인버스,KOSPI,ETF
291630,KIWOOM 코스닥150선물레버리지,KOSPI,ETF
291680,RISE 차이나H선물인버스(H),KOSPI,ETF
291890,KODEX MSCI EM선물(H),KOSPI,ETF
292050,RISE KRX300,KOSPI,ETF
292150,TIGER 코리아TOP10,KOSPI,ETF
292160,TIGER KRX300,KOSPI,ETF
292190,KODEX KRX300,KOSPI,ETF
292500,SOL KRX300,KOSPI,ETF
292560,TIGER 일본엔선물,KOSPI,ETF
292770,KODEX 국채선물3년인버스,KOSPI,ETF
293180,HANARO 200,KOSPI,ETF
293480,하나제약,KOSPI,STOCK
293940,신한알파리츠,KOSPI,STOCK
294400,KIWOOM 200TR,KOSPI,ETF
294870,IPARK현대산업개발,KOSPI,STOCK
295000,RISE 국채선물10년,KOSPI,ETF
295020,RISE 국채선물10년인버스,KOSPI,ETF
295040,SOL 200TR,KOSPI,ETF
298000,효성화학,KOSPI,STOCK
298020,효성티앤씨,KOSPI,STOCK
298040,효성중공업,KOSPI,STOCK
298050,HS효성첨단소재,KOSPI,STOCK
298340,PLUS 국채선물3년,KOSPI,ETF
298690,에어부산,KOSPI,STOCK
298770,KODEX 한국대만IT프리미어,KOSPI,ETF
300610,TIGER K게임,KOSPI,ETF
300640,RISE 게임테마,KOSPI,ETF
300720,한일시멘트,KOSPI,STOCK
300950,KODEX 게임산업,KOSPI,ETF
301400,PLUS 코스닥150,KOSPI,ETF
302190,TIGER 중장기국채,KOSPI,ETF
302440,SK바이오사이언스,KOSPI,STOCK
302450,RISE 코스피,KOSPI,ETF
304660,KODEX 미국30년국채울트라선물(H),KOSPI,ETF
304670,KODEX 미국30년국채울트라선물인버스(H),KOSPI,ETF
304760,HANARO KRX300,KOSPI,ETF
304770,HANARO 코스닥150,KOSPI,ETF
304780,HANARO 200선물레버리지,KOSPI,ETF
304940,KODEX 미국나스닥100선물(H),KOSPI,ETF
305050,ACE 코스피,KOSPI,ETF
305080,TIGER 미국채10년선물,KOSPI,ETF
305540,TIGER 2차전지테마,KOSPI,ETF
305720,KODEX 2차전지산업,KOSPI,ETF
306200,세아제강,KOSPI,STOCK
306520,HANARO 200선물인버스,KOSPI,ETF
306530,HANARO 코스닥150선물레버리지,KOSPI,ETF
306950,KODEX KRX300레버리지,KOSPI,ETF
307510,TIGER 의료기기,KOSPI,ETF
307520,TIGER 지주회사,KOSPI,ETF
307950,현대오토에버,KOSPI,STOCK
308170,씨티알모빌리티,KOSPI,STOCK
308620,KODEX 미국10년국채선물,KOSPI,ETF
309230,ACE 미국WideMoat동일가중,KOSPI,ETF
310080,RISE 중국MSCI China(H),KOSPI,ETF
310960,TIGER 200TR,KOSPI,ETF
310970,TIGER MSCI Korea TR,KOSPI,ETF
314250,KODEX 미국빅테크10(H),KOSPI,ETF
314700,HANARO 농업융복합산업,KOSPI,ETF
315270,TIGER 200커뮤니케이션서비스,KOSPI,ETF
315930,KODEX Top5PlusTR,KOSPI,ETF
315960,RISE 대형고배당10TR,KOSPI,ETF
316140,우리금융지주,KOSPI,STOCK
316300,ACE 싱가포르리츠,KOSPI,ETF
316670,KIWOOM 코스닥150,KOSPI,ETF
317400,자이에스앤디,KOSPI,STOCK
317450,명인제약,KOSPI,STOCK
319640,TIGER 골드선물(H),KOSPI,ETF
321410,KODEX 멀티에셋하이인컴(H),KOSPI,ETF
322000,HD현대에너지솔루션,KOSPI,STOCK
322400,HANARO e커머스,KOSPI,ETF
322410,HANARO K고배당,KOSPI,ETF
323410,카카오뱅크,KOSPI,STOCK
325010,KODEX 성장주,KOSPI,ETF
325020,KODEX 배당가치,KOSPI,ETF
326030,SK바이오팜,KOSPI,STOCK
326230,RISE 내수주플러스,KOSPI,ETF
326240,RISE IT플러스,KOSPI,ETF
328370,PLUS 코스피TR,KOSPI,ETF
329180,HD현대중공업,KOSPI,STOCK
329200,TIGER 리츠부동산인프라,KOSPI,ETF
329650,KODEX TRF3070,KOSPI,ETF
329660,KODEX TRF5050,KOSPI,ETF
329670,KODEX TRF7030,KOSPI,ETF
329750,TIGER 미국달러단기채권액티브,KOSPI,ETF
330590,롯데리츠,KOSPI,STOCK
332500,ACE 200TR,KOSPI,ETF
332610,PLUS 미국단기회사채(AAA~A),KOSPI,ETF
332620,PLUS 미국장기우량회사채,KOSPI,ETF
332930,HANARO 200TR,KOSPI,ETF
332940,HANARO MSCI Korea TR,KOSPI,ETF
334690,RISE 팔라듐선물(H),KOSPI,ETF
334700,RISE 팔라듐선물인버스(H),KOSPI,ETF
334890,이지스밸류플러스리츠,KOSPI,STOCK
336160,RISE 금융채액티브,KOSPI,ETF
336260,두산퓨얼셀,KOSPI,STOCK
33626K,두산퓨얼셀1우,KOSPI,STOCK
33626L,두산퓨얼셀2우B,KOSPI,STOCK
336370,솔루스첨단소재,KOSPI,STOCK
33637K,솔루스첨단소재1우,KOSPI,STOCK
33637L,솔루스첨단소재2우B,KOSPI,STOCK
337120,KODEX 멀티팩터,KOSPI,ETF
337140,KODEX 코스피대형주,KOSPI,ETF
337150,KODEX 200exTOP,KOSPI,ETF
337160,KODEX 200ESG,KOSPI,ETF
338100,NH프라임리츠,KOSPI,STOCK
339770,교촌에프앤비,KOSPI,STOCK
341850,TIGER 리츠부동산인프라채권,KOSPI,ETF
344820,KCC글라스,KOSPI,STOCK
348950,제이알글로벌리츠,KOSPI,STOCK
350520,이지스레지던스리츠,KOSPI,STOCK
352540,KODEX 일본부동산리츠(H),KOSPI,ETF
352560,KODEX 미국부동산리츠(H),KOSPI,ETF
352820,하이브,KOSPI,STOCK
353200,대덕전자,KOSPI,STOCK
35320K,대덕전자1우,KOSPI,STOCK
354240,RISE 미국고정배당우선증권,KOSPI,ETF
354350,HANARO 글로벌럭셔리S&P(합성),KOSPI,ETF
354500,ACE 코스닥150,KOSPI,ETF
356540,ACE 종합채권(AA-이상)액티브,KOSPI,ETF
357120,코람코라이프인프라리츠,KOSPI,STOCK
357250,미래에셋맵스리츠,KOSPI,STOCK
357430,마스턴프리미어리츠,KOSPI,STOCK
357870,TIGER CD금리투자KIS(합성),KOSPI,ETF
359210,KODEX 코스피TR,KOSPI,ETF
360140,KODEX 200롱코스닥150숏선물,KOSPI,ETF
360150,KODEX 코스닥150롱코스피200숏선물,KOSPI,ETF
360200,ACE 미국S&P500,KOSPI,ETF
360750,TIGER 미국S&P500,KOSPI,ETF
361580,RISE 200TR,KOSPI,ETF
361610,SK아이이테크놀로지,KOSPI,STOCK
363280,티와이홀딩스,KOSPI,STOCK
36328K,티와이홀딩스우,KOSPI,STOCK
363510,SOL KIS단기통안채,KOSPI,ETF
363570,KODEX 장기종합채권(AA-이상)액티브,KOSPI,ETF
363580,KODEX 200IT TR,KOSPI,ETF
364690,KODEX 혁신기술테마액티브,KOSPI,ETF
364960,TIGER BBIG,KOSPI,ETF
364970,TIGER 바이오TOP10,KOSPI,ETF
364980,TIGER 2차전지TOP10,KOSPI,ETF
364990,TIGER 게임TOP10,KOSPI,ETF
365000,TIGER 인터넷TOP10,KOSPI,ETF
365040,TIGER AI코리아그로스액티브,KOSPI,ETF
365550,ESR켄달스퀘어리츠,KOSPI,STOCK
365780,ACE 국고채10년,KOSPI,ETF
367380,ACE 미국나스닥100,KOSPI,ETF
367740,HANARO Fn5G산업,KOSPI,ETF
367760,RISE 네트워크인프라,KOSPI,ETF
367770,RISE 수소경제테마,KOSPI,ETF
368190,HANARO Fn K-뉴딜디지털플러스,KOSPI,ETF
368590,RISE 미국나스닥100,KOSPI,ETF
368680,KODEX K-뉴딜디지털플러스,KOSPI,ETF
371150,RISE 차이나항셍테크,KOSPI,ETF
371160,TIGER 차이나항셍테크,KOSPI,ETF
371450,TIGER 글로벌클라우드컴퓨팅INDXX,KOSPI,ETF
371460,TIGER 차이나전기차SOLACTIVE,KOSPI,ETF
371470,TIGER 차이나바이오테크SOLACTIVE,KOSPI,ETF
371870,ACE 차이나항셍테크,KOSPI,ETF
372330,KODEX 차이나항셍테크,KOSPI,ETF
372910,한컴라이프케어,KOSPI,STOCK
373220,LG에너지솔루션,KOSPI,STOCK
373490,KODEX 코리아혁신성장액티브,KOSPI,ETF
373790,KIWOOM 미국방어배당성장나스닥,KOSPI,ETF
375270,RISE 글로벌데이터센터리츠(합성),KOSPI,ETF
375500,DL이앤씨,KOSPI,STOCK
37550K,DL이앤씨우,KOSPI,STOCK
37550L,DL이앤씨2우(전환),KOSPI,STOCK
375760,HANARO 탄소효율그린뉴딜,KOSPI,ETF
375770,KODEX 탄소효율그린뉴딜,KOSPI,ETF
376410,TIGER 탄소효율그린뉴딜,KOSPI,ETF
377190,디앤디플랫폼리츠,KOSPI,STOCK
377300,카카오페이,KOSPI,STOCK
377740,바이오노트,KOSPI,STOCK
377990,TIGER Fn신재생에너지,KOSPI,ETF
378850,화승알앤에이,KOSPI,STOCK
379780,RISE 미국S&P500,KOSPI,ETF
379790,RISE 유로스탁스50(H),KOSPI,ETF
379800,KODEX 미국S&P500,KOSPI,ETF
379810,KODEX 미국나스닥100,KOSPI,ETF
380340,ACE 코리아AI테크핵심산업,KOSPI,ETF
381170,TIGER 미국테크TOP10 INDXX,KOSPI,ETF
381180,TIGER 미국필라델피아반도체나스닥,KOSPI,ETF
381560,HANARO Fn전기&수소차,KOSPI,ETF
381570,HANARO Fn친환경에너지,KOSPI,ETF
381970,케이카,KOSPI,STOCK
383220,F&F,KOSPI,STOCK
383800,LX홀딩스,KOSPI,STOCK
38380K,LX홀딩스1우,KOSPI,STOCK
385510,KODEX 신재생에너지액티브,KOSPI,ETF
385520,KODEX 자율주행액티브,KOSPI,ETF
385540,RISE 종합채권(A-이상)액티브,KOSPI,ETF
385550,RISE 단기채권알파액티브,KOSPI,ETF
385560,RISE KIS국고채30년Enhanced,KOSPI,ETF
385590,ACE ESG액티브,KOSPI,ETF
385600,ACE 2차전지&친환경차액티브,KOSPI,ETF
385710,TIME K이노베이션액티브,KOSPI,ETF
385720,TIME 코스피액티브,KOSPI,ETF
387270,TIGER 글로벌이노베이션액티브,KOSPI,ETF
387280,TIGER 퓨처모빌리티액티브,KOSPI,ETF
388280,RISE K엔터&여행레저,KOSPI,ETF
388420,RISE 비메모리반도체액티브,KOSPI,ETF
390390,KODEX 미국반도체,KOSPI,ETF
390400,KODEX 미국스마트모빌리티S&P,KOSPI,ETF
391600,ACE 미국친환경그린테마,KOSPI,ETF
391670,HK 베스트일레븐액티브,KOSPI,ETF
394660,TIGER 글로벌자율주행&전기차SOLACTIVE,KOSPI,ETF
394670,TIGER 글로벌리튬&2차전지SOLACTIVE(합성),KOSPI,ETF
395150,KODEX 웹툰&드라마,KOSPI,ETF
395160,KODEX AI반도체TOP2플러스,KOSPI,ETF
395170,KODEX Top10동일가중,KOSPI,ETF
395270,HANARO Fn K-반도체,KOSPI,ETF
395280,HANARO Fn K-게임,KOSPI,ETF
395290,HANARO Fn K-POP&미디어,KOSPI,ETF
395400,SK리츠,KOSPI,STOCK
395750,PLUS ESG가치주액티브,KOSPI,ETF
395760,PLUS ESG성장주액티브,KOSPI,ETF
396500,TIGER 반도체TOP10,KOSPI,ETF
396510,TIGER 차이나클린에너지SOLACTIVE,KOSPI,ETF
396520,TIGER 차이나반도체FACTSET,KOSPI,ETF
396690,미래에셋글로벌리츠,KOSPI,STOCK
397420,RISE 국채선물5년추종,KOSPI,ETF
399110,SOL 미국S&P500ESG,KOSPI,ETF
399580,RISE 글로벌클린에너지,KOSPI,ETF
400570,KODEX 유럽탄소배출권선물ICE(H),KOSPI,ETF
400580,SOL 유럽탄소배출권선물S&P(H),KOSPI,ETF
400590,SOL 글로벌탄소배출권선물ICE(합성),KOSPI,ETF
400760,NH올원리츠,KOSPI,STOCK
400970,TIGER Fn메타버스,KOSPI,ETF
401170,RISE 메타버스,KOSPI,ETF
401470,KODEX 메타버스액티브,KOSPI,ETF
401590,HANARO 글로벌탄소배출권선물ICE(합성),KOSPI,ETF
402340,SK스퀘어,KOSPI,STOCK
402460,HANARO Fn K-메타버스MZ,KOSPI,ETF
402970,ACE 미국배당다우존스,KOSPI,ETF
403550,쏘카,KOSPI,STOCK
403790,MIDAS 코스피액티브,KOSPI,ETF
404120,TIME K신재생에너지액티브,KOSPI,ETF
404260,KODEX 기후변화솔루션,KOSPI,ETF
404540,TIGER KRX기후변화솔루션,KOSPI,ETF
404650,SOL KRX기후변화솔루션,KOSPI,ETF
404990,신한서부티엔디리츠,KOSPI,STOCK
407300,HANARO Fn골프테마,KOSPI,ETF
407310,HANARO 200 TOP10,KOSPI,ETF
407820,에셋플러스 코리아플랫폼액티브,KOSPI,ETF
407830,에셋플러스 글로벌플랫폼액티브,KOSPI,ETF
409810,KODEX 미국나스닥100선물인버스(H),KOSPI,ETF
409820,KODEX 미국나스닥100레버리지(합성 H),KOSPI,ETF
410870,TIME K컬처액티브,KOSPI,ETF
411060,ACE KRX금현물,KOSPI,ETF
411420,KODEX 미국나스닥AI테크액티브,KOSPI,ETF
411540,SOL 200 Top10,KOSPI,ETF
411860,KIWOOM 독일DAX,KOSPI,ETF
412560,TIGER BBIG레버리지,KOSPI,ETF
412570,TIGER 2차전지TOP10레버리지,KOSPI,ETF
412770,TIGER 글로벌AI플랫폼액티브,KOSPI,ETF
413220,SOL 차이나태양광CSI(합성),KOSPI,ETF
413930,WON AI ESG액티브,KOSPI,ETF
414270,ACE 글로벌자율주행액티브,KOSPI,ETF
414780,TIGER 차이나과창판STAR50(합성),KOSPI,ETF
415340,KODEX 차이나과창판STAR50(합성),KOSPI,ETF
415640,KB발해인프라,KOSPI,STOCK
415760,SOL 차이나육성산업액티브(합성),KOSPI,ETF
415920,PLUS 글로벌희토류&전략자원생산기업,KOSPI,ETF
416090,ACE 중국과창판STAR50,KOSPI,ETF
417310,코람코더원리츠,KOSPI,STOCK
417450,RISE 글로벌수소경제,KOSPI,ETF
417630,TIGER KEDI혁신기업ESG30,KOSPI,ETF
418660,TIGER 미국나스닥100레버리지(합성),KOSPI,ETF
418670,TIGER 글로벌AI사이버보안,KOSPI,ETF
419420,KODEX 미국클린에너지나스닥,KOSPI,ETF
419430,KODEX 차이나2차전지MSCI(합성),KOSPI,ETF
419650,PLUS 글로벌수소&차세대연료전지,KOSPI,ETF
419890,KIWOOM 단기채권ESG액티브,KOSPI,ETF
421320,PLUS 우주항공,KOSPI,ETF
422420,RISE 2차전지액티브,KOSPI,ETF
423160,KODEX KOFR금리액티브(합성),KOSPI,ETF
423170,SOL 글로벌AI반도체탑픽액티브,KOSPI,ETF
423920,TIGER 미국필라델피아반도체레버리지(합성),KOSPI,ETF
426020,TIME 미국S&P500액티브,KOSPI,ETF
426030,TIME 미국나스닥100액티브,KOSPI,ETF
426150,WON 대한민국국고채액티브,KOSPI,ETF
427120,RISE AI플랫폼,KOSPI,ETF
428510,KODEX 차이나AI테크액티브,KOSPI,ETF
428560,KODEX 미국ETF산업Top10 Indxx,KOSPI,ETF
429000,TIGER 미국S&P500배당귀족,KOSPI,ETF
429010,TIGER 미국나스닥넥스트100,KOSPI,ETF
429740,PLUS K리츠,KOSPI,ETF
429760,PLUS 미국S&P500,KOSPI,ETF
429980,SOL 한국형글로벌전기차&2차전지액티브,KOSPI,ETF
430500,KIWOOM 물가채KIS,KOSPI,ETF
432320,KB스타리츠,KOSPI,STOCK
432600,RISE 국채선물3년,KOSPI,ETF
432840,HANARO 미국S&P500,KOSPI,ETF
433220,에셋플러스 글로벌대장장이액티브,KOSPI,ETF
433250,UNICORN R&D 액티브,KOSPI,ETF
433330,SOL 미국S&P500,KOSPI,ETF
433500,ACE 원자력TOP10,KOSPI,ETF
433880,PLUS TDF2060액티브 적격,KOSPI,ETF
433970,KODEX TDF2030액티브 적격,KOSPI,ETF
433980,KODEX TDF2040액티브 적격,KOSPI,ETF
434060,KODEX TDF2050액티브 적격,KOSPI,ETF
434730,HANARO 원자력iSelect,KOSPI,ETF
434960,DAISHIN343 K200,KOSPI,ETF
435040,ACE 글로벌브랜드TOP10,KOSPI,ETF
435420,TIGER 미국나스닥100채권혼합50,KOSPI,ETF
435530,KIWOOM TDF2030액티브 적격,KOSPI,ETF
435540,KIWOOM TDF2040액티브 적격,KOSPI,ETF
435550,KIWOOM TDF2050액티브 적격,KOSPI,ETF
436140,SOL 종합채권(AA-이상)액티브,KOSPI,ETF
437070,KODEX 아시아달러채권ESG플러스액티브,KOSPI,ETF
437080,KODEX 미국종합채권ESG액티브(H),KOSPI,ETF
437350,RISE 미국단기투자등급회사채액티브,KOSPI,ETF
437370,RISE 글로벌농업경제,KOSPI,ETF
438080,ACE 미국S&P500미국채혼합50액티브,KOSPI,ETF
438100,ACE 미국나스닥100미국채혼합50액티브,KOSPI,ETF
438320,TIGER 차이나항셍테크레버리지(합성 H),KOSPI,ETF
438330,TIGER 우량회사채액티브,KOSPI,ETF
438560,SOL 국고채3년,KOSPI,ETF
438570,SOL 국고채10년,KOSPI,ETF
438740,MIDAS 중소형액티브,KOSPI,ETF
438900,HANARO Fn K-푸드,KOSPI,ETF
439260,대한조선,KOSPI,STOCK
439860,KODEX ESG종합채권(A-이상)액티브,KOSPI,ETF
439870,KODEX 국고채30년액티브,KOSPI,ETF
440340,TIGER 글로벌멀티에셋TIF액티브,KOSPI,ETF
440640,ACE 단기채권알파액티브,KOSPI,ETF
440650,ACE 미국달러단기채권액티브,KOSPI,ETF
440910,WON 미국우주항공방산,KOSPI,ETF
441540,HANARO Fn조선해운,KOSPI,ETF
441640,KODEX 미국배당커버드콜액티브,KOSPI,ETF
441680,TIGER 미국나스닥100커버드콜(합성),KOSPI,ETF
441800,TIME Korea플러스배당액티브,KOSPI,ETF
442090,에셋플러스 코리아대장장이액티브,KOSPI,ETF
442260,마이티 다이나믹퀀트액티브,KOSPI,ETF
442320,RISE 글로벌원자력,KOSPI,ETF
442550,RISE TDF2030액티브 적격,KOSPI,ETF
442560,RISE TDF2040액티브 적격,KOSPI,ETF
442570,RISE TDF2050액티브 적격,KOSPI,ETF
442580,PLUS 글로벌HBM반도체,KOSPI,ETF
443060,HD현대마린솔루션,KOSPI,STOCK
444200,SOL 코리아메가테크액티브,KOSPI,ETF
444490,WON 미국S&P500,KOSPI,ETF
445150,KODEX 친환경조선해운액티브,KOSPI,ETF
445290,KODEX 로봇액티브,KOSPI,ETF
445690,BNK 주주가치액티브,KOSPI,ETF
445910,TIGER MKF배당귀족,KOSPI,ETF
446070,유니드비티플러스,KOSPI,STOCK
446690,KODEX 아시아AI반도체exChina액티브,KOSPI,ETF
446700,RISE 배터리 리사이클링,KOSPI,ETF
446720,SOL 미국배당다우존스,KOSPI,ETF
446770,ACE 글로벌반도체TOP4 Plus,KOSPI,ETF
447430,ACE 주주환원가치주액티브,KOSPI,ETF
447620,SOL 미국TOP5채권혼합50,KOSPI,ETF
447660,PLUS 애플채권혼합,KOSPI,ETF
447770,TIGER 테슬라채권혼합Fn,KOSPI,ETF
448100,WON 200,KOSPI,ETF
448290,TIGER 미국S&P500(H),KOSPI,ETF
448300,TIGER 미국나스닥100(H),KOSPI,ETF
448330,KODEX 삼성전자채권혼합,KOSPI,ETF
448490,HANARO 32-10 국고채액티브,KOSPI,ETF
448540,ACE 엔비디아채권혼합,KOSPI,ETF
448570,FOCUS AI코리아액티브,KOSPI,ETF
448630,RISE 삼성그룹Top3채권혼합,KOSPI,ETF
448730,삼성FN리츠,KOSPI,STOCK
449170,TIGER KOFR금리액티브(합성),KOSPI,ETF
449180,KODEX 미국S&P500(H),KOSPI,ETF
449190,KODEX 미국나스닥100(H),KOSPI,ETF
449450,PLUS K방산,KOSPI,ETF
449580,RISE 테슬라애플아마존채권혼합,KOSPI,ETF
449680,TIGER 한중전기차(합성),KOSPI,ETF
449690,TIGER 한중반도체(합성),KOSPI,ETF
449770,KIWOOM 미국S&P500,KOSPI,ETF
449780,KIWOOM 미국S&P500(H),KOSPI,ETF
450080,에코프로머티,KOSPI,STOCK
450180,KODEX 한중전기차(합성),KOSPI,ETF
450190,KODEX 한중반도체(합성),KOSPI,ETF
450910,SOL 코스닥150,KOSPI,ETF
451000,PLUS 종합채권(AA-이상)액티브,KOSPI,ETF
451060,1Q 200액티브,KOSPI,ETF
451150,에셋플러스 글로벌영에이지액티브,KOSPI,ETF
451530,TIGER 국고채30년스트립액티브,KOSPI,ETF
451540,TIGER 종합채권(AA-이상)액티브,KOSPI,ETF
451600,PLUS 국고채30년액티브,KOSPI,ETF
451670,RISE 국채30년레버리지(합성),KOSPI,ETF
451800,한화리츠,KOSPI,STOCK
452250,ACE 미국30년국채선물레버리지(합성 H),KOSPI,ETF
452260,한화갤러리아,KOSPI,STOCK
45226K,한화갤러리아우,KOSPI,STOCK
452360,SOL 미국배당다우존스(H),KOSPI,ETF
453010,PLUS KOFR금리,KOSPI,ETF
453060,HANARO KOFR금리액티브(합성),KOSPI,ETF
453080,KIWOOM 미국나스닥100(H),KOSPI,ETF
453330,RISE 미국S&P500(H),KOSPI,ETF
453340,현대그린푸드,KOSPI,STOCK
453630,KODEX 미국S&P500필수소비재,KOSPI,ETF
453640,KODEX 미국S&P500헬스케어,KOSPI,ETF
453650,KODEX 미국S&P500금융,KOSPI,ETF
453660,KODEX 미국S&P500경기소비재,KOSPI,ETF
453810,KODEX 인도Nifty50,KOSPI,ETF
453820,KODEX 인도Nifty50레버리지(합성),KOSPI,ETF
453850,ACE 미국30년국채액티브(H),KOSPI,ETF
453870,TIGER 인도니프티50,KOSPI,ETF
453950,TIGER TSMC파운드리밸류체인,KOSPI,ETF
454180,KIWOOM 차이나내수소비TOP CSI,KOSPI,ETF
454320,HANARO CAPEX설비투자iSelect,KOSPI,ETF
454780,KIWOOM 종합채권(AA-이상)액티브,KOSPI,ETF
454910,두산로보틱스,KOSPI,STOCK
455030,KODEX 미국달러SOFR금리액티브(합성),KOSPI,ETF
455660,ACE 미국하이일드액티브(H),KOSPI,ETF
455850,SOL AI반도체소부장,KOSPI,ETF
455860,SOL 2차전지소부장Fn,KOSPI,ETF
455890,RISE 머니마켓액티브,KOSPI,ETF
455960,RISE 미국달러SOFR금리액티브(합성),KOSPI,ETF
456040,OCI,KOSPI,STOCK
456200,PLUS 미국달러SOFR금리액티브(합성),KOSPI,ETF
456250,KODEX 유럽명품TOP10 STOXX,KOSPI,ETF
456600,TIME 글로벌AI인공지능액티브,KOSPI,ETF
456610,TIGER 미국달러SOFR금리액티브(합성),KOSPI,ETF
456680,TIGER 차이나전기차레버리지(합성),KOSPI,ETF
456880,ACE 미국달러SOFR금리(합성),KOSPI,ETF
457190,이수스페셜티케미컬,KOSPI,STOCK
457480,ACE 테슬라밸류체인액티브,KOSPI,ETF
457690,KODEX 33-06 국고채액티브,KOSPI,ETF
457700,KODEX 53-09 국고채액티브,KOSPI,ETF
457930,BNK 미래전략기술액티브,KOSPI,ETF
457990,PLUS 태양광&ESS,KOSPI,ETF
458030,WON 국공채머니마켓액티브,KOSPI,ETF
458210,KIWOOM CD금리액티브(합성),KOSPI,ETF
458250,TIGER 미국30년국채스트립액티브(합성 H),KOSPI,ETF
458260,TIGER 미국투자등급회사채액티브(H),KOSPI,ETF
458730,TIGER 미국배당다우존스,KOSPI,ETF
458750,TIGER 미국배당다우존스타겟커버드콜1호,KOSPI,ETF
458760,TIGER 미국배당다우존스타겟커버드콜2호,KOSPI,ETF
459560,KODEX 테슬라밸류체인FactSet,KOSPI,ETF
459580,KODEX CD금리액티브(합성),KOSPI,ETF
459750,RISE 글로벌주식분산액티브,KOSPI,ETF
459790,KIWOOM 미국성장기업30액티브,KOSPI,ETF
460270,KIWOOM 미국달러SOFR금리액티브(합성),KOSPI,ETF
460660,RISE 미국S&P배당킹,KOSPI,ETF
460850,동국씨엠,KOSPI,STOCK
460860,동국제강,KOSPI,STOCK
460960,ACE 글로벌인컴TOP10,KOSPI,ETF
461340,HANARO 글로벌생성형AI액티브,KOSPI,ETF
461450,KODEX 코스닥글로벌,KOSPI,ETF
461460,PLUS 국고채10년액티브,KOSPI,ETF
461490,RISE 글로벌자산배분액티브,KOSPI,ETF
461500,HANARO 종합채권(AA-이상)액티브,KOSPI,ETF
461580,TIGER 코스닥글로벌,KOSPI,ETF
461600,SOL 미국30년국채액티브(H),KOSPI,ETF
461900,PLUS 미국테크TOP10,KOSPI,ETF
461910,PLUS 미국테크TOP10레버리지(합성),KOSPI,ETF
461950,KODEX 2차전지핵심소재10,KOSPI,ETF
462010,TIGER 2차전지소재Fn,KOSPI,ETF
462330,KODEX 2차전지산업레버리지,KOSPI,ETF
462340,에셋플러스 글로벌다이나믹시니어액티브,KOSPI,ETF
462520,조선내화,KOSPI,STOCK
462870,시프트업,KOSPI,STOCK
462900,KoAct 바이오헬스케어액티브,KOSPI,ETF
463050,TIME K바이오액티브,KOSPI,ETF
463250,TIGER K방산&우주,KOSPI,ETF
463290,1Q 단기금융채액티브,KOSPI,ETF
463300,RISE 중국본토CSI300,KOSPI,ETF
463640,KODEX 미국S&P500유틸리티,KOSPI,ETF
463680,KODEX 미국S&P500테크놀로지,KOSPI,ETF
463690,KODEX 미국S&P500커뮤니케이션,KOSPI,ETF
464240,KIWOOM 26-09회사채(AA-이상)액티브,KOSPI,ETF
464310,TIGER 글로벌AI&로보틱스 INDXX,KOSPI,ETF
464470,PLUS 미국채30년액티브,KOSPI,ETF
464600,SOL 자동차소부장Fn,KOSPI,ETF
464610,SOL 의료기기소부장Fn,KOSPI,ETF
464920,PLUS 일본반도체소부장,KOSPI,ETF
464930,TIGER 글로벌혁신블루칩TOP10,KOSPI,ETF
465330,RISE 2차전지TOP10,KOSPI,ETF
465350,RISE 2차전지TOP10인버스(합성),KOSPI,ETF
465580,ACE 미국빅테크TOP7 Plus,KOSPI,ETF
465610,ACE 미국빅테크TOP7 Plus레버리지(합성),KOSPI,ETF
465620,ACE 미국빅테크TOP7 Plus인버스(합성),KOSPI,ETF
465660,TIGER 일본반도체FACTSET,KOSPI,ETF
465670,TIGER 미국캐시카우100,KOSPI,ETF
465770,STX그린로지스,KOSPI,STOCK
465780,마이티 26-09 특수채(AAA)액티브,KOSPI,ETF
466810,BNK 2차전지양극재,KOSPI,ETF
466920,SOL 조선TOP3플러스,KOSPI,ETF
466930,SOL 자동차TOP3플러스,KOSPI,ETF
466940,TIGER 은행고배당플러스TOP10,KOSPI,ETF
466950,TIGER 글로벌AI액티브,KOSPI,ETF
468370,KODEX iShares미국인플레이션국채액티브,KOSPI,ETF
468380,KODEX iShares미국하이일드액티브,KOSPI,ETF
468630,KODEX iShares미국투자등급회사채액티브,KOSPI,ETF
469050,RISE 미국반도체NYSE(H),KOSPI,ETF
469060,RISE 미국반도체NYSE,KOSPI,ETF
469070,RISE AI&로봇,KOSPI,ETF
469150,ACE AI반도체TOP3+,KOSPI,ETF
469160,ACE 일본반도체,KOSPI,ETF
469170,ACE 포스코그룹포커스,KOSPI,ETF
469530,RISE 미국달러선물인버스,KOSPI,ETF
469790,KIWOOM 코리아테크TOP10,KOSPI,ETF
469830,SOL 초단기채권액티브,KOSPI,ETF
470310,UNICORN 생성형AI강소기업액티브,KOSPI,ETF
471040,KoAct 글로벌AI&로봇액티브,KOSPI,ETF
471230,KODEX 국고채10년액티브,KOSPI,ETF
471460,KIWOOM 국고채30년액티브,KOSPI,ETF
471760,TIGER AI반도체핵심공정,KOSPI,ETF
471780,TIGER 코리아테크액티브,KOSPI,ETF
471990,KODEX AI반도체핵심장비,KOSPI,ETF
472150,TIGER 배당커버드콜액티브,KOSPI,ETF
472160,TIGER 미국테크TOP10 INDXX(H),KOSPI,ETF
472170,TIGER 미국테크TOP10채권혼합,KOSPI,ETF
472720,TRUSTON 주주가치액티브,KOSPI,ETF
472830,RISE 미국30년국채커버드콜(합성),KOSPI,ETF
472840,IBK 200,KOSPI,ETF
472870,RISE 미국30년국채엔화노출(합성 H),KOSPI,ETF
472920,HK 종합채권(AA-이상)액티브,KOSPI,ETF
473290,KODEX 26-12 회사채(AA-이상)액티브,KOSPI,ETF
473330,SOL 미국30년국채커버드콜(합성),KOSPI,ETF
473440,ACE 11월만기자동연장회사채AA-이상액티브,KOSPI,ETF
473460,KODEX 미국서학개미,KOSPI,ETF
473490,KIWOOM 글로벌AI반도체,KOSPI,ETF
473590,ACE 미국주식베스트셀러,KOSPI,ETF
473640,HANARO 글로벌금채굴기업,KOSPI,ETF
474220,TIGER 미국테크TOP10타겟커버드콜,KOSPI,ETF
474390,SOL 국고채30년액티브,KOSPI,ETF
474590,WON 반도체밸류체인액티브,KOSPI,ETF
474800,KIWOOM 미국원유에너지기업,KOSPI,ETF
474920,에셋플러스 차이나일등기업포커스10액티브,KOSPI,ETF
475050,ACE KPOP포커스,KOSPI,ETF
475070,KoAct 글로벌친환경전력인프라액티브,KOSPI,ETF
475080,KODEX 테슬라커버드콜채권혼합액티브,KOSPI,ETF
475150,SK이터닉스,KOSPI,STOCK
475260,ACE 2월만기자동연장회사채AA-이상액티브,KOSPI,ETF
475270,ACE 5월만기자동연장회사채AA-이상액티브,KOSPI,ETF
475280,ACE 8월만기자동연장회사채AA-이상액티브,KOSPI,ETF
475300,SOL 반도체전공정,KOSPI,ETF
475310,SOL 반도체후공정,KOSPI,ETF
475350,RISE 버크셔포트폴리오TOP10,KOSPI,ETF
475380,RISE 글로벌리얼티인컴,KOSPI,ETF
475560,더본코리아,KOSPI,STOCK
475630,TIGER CD1년금리액티브(합성),KOSPI,ETF
475720,RISE 200위클리커버드콜,KOSPI,ETF
476000,UNICORN 포스트IPO액티브,KOSPI,ETF
476030,SOL 미국나스닥100,KOSPI,ETF
476070,KODEX 글로벌비만치료제TOP2 Plus,KOSPI,ETF
476260,HANARO 반도체핵심공정주도주,KOSPI,ETF
476310,RISE 글로벌비만산업TOP2+,KOSPI,ETF
476450,KIWOOM 머니마켓액티브,KOSPI,ETF
476550,TIGER 미국30년국채커버드콜액티브(H),KOSPI,ETF
476690,TIGER 글로벌비만치료제TOP2Plus,KOSPI,ETF
476750,ACE 미국30년국채엔화노출액티브(H),KOSPI,ETF
476760,ACE 미국30년국채액티브,KOSPI,ETF
476800,KODEX 한국부동산리츠인프라,KOSPI,ETF
476850,KoAct 배당성장액티브,KOSPI,ETF
477050,PLUS 머니마켓액티브,KOSPI,ETF
477080,RISE CD금리액티브(합성),KOSPI,ETF
477490,에셋플러스 글로벌일등기업포커스10액티브,KOSPI,ETF
477730,KODEX 인도타타그룹,KOSPI,ETF
478150,TIME 글로벌우주테크&방산액티브,KOSPI,ETF
479080,1Q 머니마켓액티브,KOSPI,ETF
479520,RISE KOFR금리액티브(합성),KOSPI,ETF
479620,SOL 미국AI반도체칩메이커,KOSPI,ETF
479730,TIGER 인도빌리언컨슈머,KOSPI,ETF
479850,HANARO K-뷰티,KOSPI,ETF
480020,ACE 미국빅테크7+데일리타겟커버드콜(합성),KOSPI,ETF
480030,ACE 미국500데일리타겟커버드콜(합성),KOSPI,ETF
480040,ACE 미국반도체데일리타겟커버드콜(합성),KOSPI,ETF
480260,TIGER 27-04회사채(A+이상)액티브,KOSPI,ETF
480310,TIGER 글로벌온디바이스AI,KOSPI,ETF
480370,씨케이솔루션,KOSPI,STOCK
480460,WON 한국부동산TOP3플러스,KOSPI,ETF
481050,KODEX CD1년금리플러스액티브(합성),KOSPI,ETF
481060,KODEX 미국30년국채타겟커버드콜(합성 H),KOSPI,ETF
481180,SOL 미국AI소프트웨어,KOSPI,ETF
481190,SOL 미국테크TOP10,KOSPI,ETF
481340,RISE 미국30년국채액티브,KOSPI,ETF
481430,RISE 국고채10년액티브,KOSPI,ETF
481850,신한글로벌액티브리츠,KOSPI,STOCK
482030,KoAct 반도체&2차전지핵심소재액티브,KOSPI,ETF
482730,TIGER 미국S&P500타겟데일리커버드콜,KOSPI,ETF
483020,KIWOOM 의료AI,KOSPI,ETF
483030,KIWOOM 미국블록버스터바이오테크의약품+,KOSPI,ETF
483280,KODEX 미국AI테크TOP10타겟커버드콜,KOSPI,ETF
483290,KODEX 미국배당다우존스타겟커버드콜,KOSPI,ETF
483320,ACE 엔비디아밸류체인액티브,KOSPI,ETF
483330,ACE 마이크로소프트밸류체인액티브,KOSPI,ETF
483340,ACE 구글밸류체인액티브,KOSPI,ETF
483570,KCGI 미국S&P500 TOP10,KOSPI,ETF
483650,달바글로벌,KOSPI,STOCK
484790,KODEX 미국30년국채액티브(H),KOSPI,ETF
484870,엠앤씨솔루션,KOSPI,STOCK
484880,SOL 금융지주플러스고배당,KOSPI,ETF
484890,SOL 머니마켓액티브,KOSPI,ETF
485540,KODEX 미국AI테크TOP10,KOSPI,ETF
485690,RISE 미국AI밸류체인TOP3Plus,KOSPI,ETF
485810,TIME 글로벌바이오액티브,KOSPI,ETF
486240,DAISHIN343 AI반도체&인프라액티브,KOSPI,ETF
486290,TIGER 미국나스닥100타겟데일리커버드콜,KOSPI,ETF
486450,SOL 미국AI전력인프라,KOSPI,ETF
486830,HANARO 머니마켓액티브,KOSPI,ETF
487130,KoAct AI인프라액티브,KOSPI,ETF
487230,KODEX 미국AI전력핵심인프라,KOSPI,ETF
487240,KODEX AI전력핵심설비,KOSPI,ETF
487340,ACE 머니마켓액티브,KOSPI,ETF
487570,HS효성,KOSPI,STOCK
487750,BNK 온디바이스AI,KOSPI,ETF
487910,ACE 인도컨슈머파워액티브,KOSPI,ETF
487920,ACE 인도시장대표BIG5그룹액티브,KOSPI,ETF
487950,KODEX 대만테크고배당다우존스,KOSPI,ETF
488080,TIGER 반도체TOP10레버리지,KOSPI,ETF
488200,KIWOOM K-2차전지북미공급망,KOSPI,ETF
488210,KIWOOM K-반도체북미공급망,KOSPI,ETF
488290,MIDAS 일본테크액티브,KOSPI,ETF
488480,RISE 일본섹터TOP4Plus,KOSPI,ETF
488500,TIGER 미국S&P500동일가중,KOSPI,ETF
488720,WON 종합채권(AA-이상)액티브,KOSPI,ETF
488770,KODEX 머니마켓액티브,KOSPI,ETF
488980,SOL 26-12 회사채(AA-이상)액티브,KOSPI,ETF
489000,PLUS 일본엔화초단기국채(합성),KOSPI,ETF
489010,PLUS 글로벌AI인프라,KOSPI,ETF
489030,PLUS 고배당주위클리커버드콜,KOSPI,ETF
489250,KODEX 미국배당다우존스,KOSPI,ETF
489290,WON 미국빌리어네어,KOSPI,ETF
489790,한화비전,KOSPI,STOCK
489860,KIWOOM 글로벌전력GRID인프라,KOSPI,ETF
490090,TIGER 미국AI빅테크10,KOSPI,ETF
490330,KoAct 미국치매&뇌질환치료제액티브,KOSPI,ETF
490480,SOL K방산,KOSPI,ETF
490490,SOL 미국배당미국채혼합50,KOSPI,ETF
490590,RISE 미국AI밸류체인데일리고정커버드콜,KOSPI,ETF
490600,RISE 미국배당100데일리고정커버드콜,KOSPI,ETF
491010,TIGER 글로벌AI전력인프라액티브,KOSPI,ETF
491090,KODEX 미국테크TOP3플러스,KOSPI,ETF
491220,PLUS 200TR,KOSPI,ETF
491230,PLUS 국공채머니마켓액티브,KOSPI,ETF
491510,파워 K-주주가치액티브,KOSPI,ETF
491610,1Q CD금리액티브(합성),KOSPI,ETF
491620,RISE 미국테크100데일리고정커버드콜,KOSPI,ETF
491630,RISE 미국반도체인버스(합성 H),KOSPI,ETF
491700,HK 200,KOSPI,ETF
491820,HANARO 전력설비투자,KOSPI,ETF
491830,TIGER 미국AI반도체팹리스,KOSPI,ETF
492500,1Q 현대차그룹채권(A+이상)&국고통안,KOSPI,ETF
493420,SOL 미국배당다우존스2호,KOSPI,ETF
493810,TIGER 미국AI빅테크10타겟데일리커버드콜,KOSPI,ETF
494180,TIME 글로벌소비트렌드액티브,KOSPI,ETF
494210,SOL 미국500타겟데일리커버드콜액티브,KOSPI,ETF
494220,UNICORN SK하이닉스밸류체인액티브,KOSPI,ETF
494300,KODEX 미국나스닥100데일리커버드콜OTM,KOSPI,ETF
494310,KODEX 반도체레버리지,KOSPI,ETF
494330,ACE 라이프자산주주가치액티브,KOSPI,ETF
494340,ACE 글로벌AI맞춤형반도체,KOSPI,ETF
494410,PLUS 미국S&P500성장주,KOSPI,ETF
494420,PLUS 미국배당증가성장주데일리커버드콜,KOSPI,ETF
494670,TIGER 조선TOP10,KOSPI,ETF
494840,TIGER 미국방산TOP10,KOSPI,ETF
494890,KODEX 200액티브,KOSPI,ETF
495040,PLUS 코리아밸류업,KOSPI,ETF
495050,RISE 코리아밸류업,KOSPI,ETF
495060,TIME 코리아밸류업액티브,KOSPI,ETF
495230,KoAct 코리아밸류업액티브,KOSPI,ETF
495330,1Q 코리아밸류업,KOSPI,ETF
495550,SOL 코리아밸류업TR,KOSPI,ETF
495750,HANARO 코리아밸류업,KOSPI,ETF
495850,KODEX 코리아밸류업,KOSPI,ETF
495940,RISE 미국AI테크액티브,KOSPI,ETF
496020,WON 전단채플러스액티브,KOSPI,ETF
496080,TIGER 코리아밸류업,KOSPI,ETF
496090,KIWOOM 코리아밸류업,KOSPI,ETF
496120,ACE 코리아밸류업,KOSPI,ETF
496130,TRUSTON 코리아밸류업액티브,KOSPI,ETF
496770,PLUS 글로벌방산,KOSPI,ETF
497510,ACE 글로벌빅파마,KOSPI,ETF
497520,ACE 일라이릴리밸류체인,KOSPI,ETF
497570,TIGER 미국필라델피아AI반도체나스닥,KOSPI,ETF
497780,KoAct 미국천연가스인프라액티브,KOSPI,ETF
497880,SOL CD금리&머니마켓액티브,KOSPI,ETF
498050,HANARO 바이오코리아액티브,KOSPI,ETF
498180,파워 종합채권(AA-이상)액티브,KOSPI,ETF
498270,KIWOOM 미국양자컴퓨팅,KOSPI,ETF
498400,KODEX 200타겟위클리커버드콜,KOSPI,ETF
498410,KODEX 금융고배당TOP10타겟위클리커버드콜,KOSPI,ETF
498610,RISE 인도디지털성장,KOSPI,ETF
498860,RISE 코리아금융고배당,KOSPI,ETF
499150,SOL 미국S&P500엔화노출(H),KOSPI,ETF
499660,TIGER CD금리플러스액티브(합성),KOSPI,ETF
499790,GS피앤엘,KOSPI,STOCK
500020,신한 레버리지 다우존스지수 선물 ETN(H),KOSPI,ETN
500023,신한 콩 선물 ETN(H),KOSPI,ETN
500024,신한 인버스 콩 선물 ETN(H),KOSPI,ETN
500028,신한 인버스 2X 다우존스지수 선물 ETN(H),KOSPI,ETN
500029,신한 레버리지 은 선물 ETN(H),KOSPI,ETN
500030,신한 인버스 2X 은 선물 ETN(H),KOSPI,ETN
500035,신한 레버리지 미국달러 선물 ETN,KOSPI,ETN
500036,신한 인버스 2X 미국달러 선물 ETN,KOSPI,ETN
500037,신한 레버리지 금 선물 ETN,KOSPI,ETN
500038,신한 인버스 2X 금 선물 ETN,KOSPI,ETN
500040,신한 레버리지 구리 선물 ETN,KOSPI,ETN
500041,신한 인버스 2X 구리 선물 ETN,KOSPI,ETN
500050,신한 레버리지 S&P500 선물 ETN,KOSPI,ETN
500051,신한 인버스 2X S&P500 선물 ETN,KOSPI,ETN
500061,신한 인버스 코스피 200 선물 ETN,KOSPI,ETN
500063,신한 인버스 코스닥 150 선물 ETN,KOSPI,ETN
500067,신한 레버리지 10년 국채선물 ETN,KOSPI,ETN
500068,신한 인버스 2X 10년 국채선물 ETN,KOSPI,ETN
500069,신한 레버리지 코스피 200 선물 ETN,KOSPI,ETN
500071,신한 레버리지 코스닥 150 선물 ETN,KOSPI,ETN
500072,신한 인버스 2X 코스닥 150 선물 ETN,KOSPI,ETN
500085,신한 코스피 200 TR ETN,KOSPI,ETN
500086,신한 코스닥 150 TR ETN,KOSPI,ETN
500091,신한 33-12 국고채 플러스 ETN,KOSPI,ETN
500093,신한 블룸버그 레버리지 WTI원유선물 ETN B,KOSPI,ETN
500094,신한 블룸버그 인버스2X WTI원유선물 ETN B,KOSPI,ETN
500095,신한 S&P500 VIX S/T 선물 ETN E,KOSPI,ETN
500096,신한 인버스2X 천연가스 선물 ETN B,KOSPI,ETN
500097,신한 레버리지 Russell 2000 ETN B,KOSPI,ETN
500098,신한 인버스 2X Russell 2000 ETN B,KOSPI,ETN
500099,신한 WTI원유 선물 ETN,KOSPI,ETN
500100,신한 금 선물 ETN,KOSPI,ETN
500101,신한 블룸버그 천연가스 선물 ETN,KOSPI,ETN
500102,신한 블룸버그 2X 천연가스 선물 ETN B,KOSPI,ETN
510027,대신 인버스 2X 코스닥 150 선물 ETN,KOSPI,ETN
510043,대신 인버스 천연가스 선물 ETN(H) B,KOSPI,ETN
510044,대신 레버리지 미국달러 선물 ETN,KOSPI,ETN
510045,대신 인버스 2X 미국달러 선물 ETN,KOSPI,ETN
520037,미래에셋 코스피200 선물 ETN,KOSPI,ETN
520038,미래에셋 인버스 코스피200 선물 ETN,KOSPI,ETN
520039,미래에셋 코스닥150 선물 ETN,KOSPI,ETN
520040,미래에셋 인버스 코스닥150 선물 ETN,KOSPI,ETN
520046,미래에셋 레버리지 옥수수 선물 ETN,KOSPI,ETN
520047,미래에셋 인버스 2X 옥수수 선물 ETN,KOSPI,ETN
520054,미래에셋 레버리지 코스피200 선물 ETN,KOSPI,ETN
520056,미래에셋 레버리지 코스닥150 선물 ETN,KOSPI,ETN
520057,미래에셋 인버스 2X 코스닥150 선물 ETN,KOSPI,ETN
520064,미래에셋 2X 미국채울트라30년 선물 ETN,KOSPI,ETN
520065,미래에셋 -2X 미국채울트라30년 선물 ETN,KOSPI,ETN
520066,미래에셋 KRX금현물 Auto-KO-C 2810-01 ETN,KOSPI,ETN
520072,미래에셋 미국 AI TOP3 ETN,KOSPI,ETN
520073,미래에셋 레버리지 미국 AI TOP3 ETN,KOSPI,ETN
520074,미래에셋 미국 방위산업 TOP3 ETN,KOSPI,ETN
520075,미래에셋 레버리지 미국 방위산업 TOP3 ETN,KOSPI,ETN
520076,미래에셋 1.5X 천연가스 선물 ETN,KOSPI,ETN
520077,미래에셋 -1.5X 천연가스 선물 ETN,KOSPI,ETN
520078,미래에셋 미국 제약 TOP3 ETN,KOSPI,ETN
520079,미래에셋 레버리지 미국 제약 TOP3 ETN,KOSPI,ETN
520080,미래에셋 미국 테크&반도체 TOP3 ETN,KOSPI,ETN
520081,미래에셋 2X 미국 테크&반도체 TOP3 ETN,KOSPI,ETN
520082,미래에셋 미국 자율주행대표기업 ETN,KOSPI,ETN
520083,미래에셋 2X 미국 자율주행대표기업 ETN,KOSPI,ETN
520084,미래에셋 -2X 미국 자율주행대표기업 ETN,KOSPI,ETN
520085,미래에셋 -2X 미국 AI TOP3 ETN,KOSPI,ETN
520086,미래에셋-0.5X S&P500 VIX S/T선물 ETN(H)B,KOSPI,ETN
520087,미래에셋 레버리지 KRX 금현물 ETN,KOSPI,ETN
520088,미래에셋 S&P500 VIX S/T 선물 ETN(H),KOSPI,ETN
520089,미래에셋 CAPE 실러 US Core Sector ETN,KOSPI,ETN
520090,미래에셋 천연가스 선물 ETN B,KOSPI,ETN
520091,미래에셋 인버스 천연가스 선물 ETN B,KOSPI,ETN
520092,미래에셋 레버리지 은 선물 ETN B,KOSPI,ETN
520093,미래에셋 인버스 2X 은 선물 ETN B,KOSPI,ETN
520094,미래에셋 CD금리 플러스 ETN,KOSPI,ETN
520097,미래에셋 1.5X S&P500 VIX S/T선물 ETN,KOSPI,ETN
520098,미래에셋 레버리지 반도체 ETN,KOSPI,ETN
520099,미래에셋 인버스 2X 반도체 ETN,KOSPI,ETN
520100,미래에셋 레버리지 삼성전자 단일종목 ETN,KOSPI,ETN
520101,미래에셋 레버리지 SK하이닉스 단일종목ETN,KOSPI,ETN
520102,미래에셋 인버스 2X 코스피200 선물 ETN B,KOSPI,ETN
530031,삼성 레버리지 WTI원유 선물 ETN,KOSPI,ETN
530055,삼성 레버리지 금 선물 ETN(H),KOSPI,ETN
530056,삼성 인버스 2X 금 선물 ETN(H),KOSPI,ETN
530060,삼성 코스피 양매도 5% OTM ETN,KOSPI,ETN
530061,삼성 레버리지 은 선물 ETN(H),KOSPI,ETN
530062,삼성 인버스 2X 은 선물 ETN(H),KOSPI,ETN
530063,삼성 레버리지 구리 선물 ETN(H),KOSPI,ETN
530064,삼성 인버스 2X 구리 선물 ETN(H),KOSPI,ETN
530067,삼성 KRX 금현물 ETN,KOSPI,ETN
530089,삼성 은 선물 ETN(H),KOSPI,ETN
530090,삼성 인버스 은 선물 ETN(H),KOSPI,ETN
530092,삼성 인버스 코스피 200 선물 ETN,KOSPI,ETN
530094,삼성 인버스 코스닥 150 선물 ETN,KOSPI,ETN
530095,삼성 구리 선물 ETN(H),KOSPI,ETN
530096,삼성 인버스 구리 선물 ETN(H),KOSPI,ETN
530104,삼성 레버리지 코스피200 선물 ETN,KOSPI,ETN
530106,삼성 레버리지 코스닥150 선물 ETN,KOSPI,ETN
530107,삼성 인버스 2X 코스닥150 선물 ETN,KOSPI,ETN
530112,삼성 S&P500 TR ETN,KOSPI,ETN
530113,삼성 레버리지 S&P500 선물 ETN,KOSPI,ETN
530114,삼성 인버스 2X S&P500 선물 ETN,KOSPI,ETN
530115,삼성 레버리지 나스닥 100 TR ETN,KOSPI,ETN
530116,삼성 인버스 2X 나스닥 100 TR ETN,KOSPI,ETN
530117,삼성 코스피 200 TR ETN,KOSPI,ETN
530118,삼성 코스닥 150 TR ETN,KOSPI,ETN
530119,삼성 레버리지 항셍테크 TR ETN(H) B,KOSPI,ETN
530120,삼성 나스닥 100 TR ETN,KOSPI,ETN
530121,삼성 항셍테크 TR ETN(H) B,KOSPI,ETN
530122,삼성 인버스 2X 항셍테크 TR ETN(H) B,KOSPI,ETN
530123,삼성 일본니케이225선물 ETN(H),KOSPI,ETN
530124,삼성 레버리지 일본니케이225선물 ETN(H),KOSPI,ETN
530125,삼성 인버스 2X 일본니케이225선물 ETN(H),KOSPI,ETN
530126,삼성 코리아 밸류업 TR ETN,KOSPI,ETN
530127,삼성 미국다우존스 TR ETN,KOSPI,ETN
530128,삼성 레버리지 미국다우존스 선물 ETN,KOSPI,ETN
530129,삼성 인버스 2X 미국다우존스 선물 ETN,KOSPI,ETN
530130,삼성 S&P500 VIX S/T 선물 ETN B,KOSPI,ETN
530131,삼성 인버스0.5X S&P500 VIX S/T선물 ETN B,KOSPI,ETN
530132,삼성 블룸버그 WTI원유 선물 ETN B,KOSPI,ETN
530133,삼성 블룸버그 레버리지 WTI원유선물 ETN B,KOSPI,ETN
530134,삼성 블룸버그 인버스2X WTI원유선물 ETN B,KOSPI,ETN
530135,삼성 인버스 China A50 선물 ETN(H) B,KOSPI,ETN
530136,삼성 인버스 2X 천연가스 선물 ETN D,KOSPI,ETN
530137,삼성 KRX 2차전지 TOP10 TR ETN,KOSPI,ETN
530138,삼성 KRX 레버리지 2차전지 TOP10 TR ETN,KOSPI,ETN
530139,삼성 iSelect 조선 TOP10 TR ETN,KOSPI,ETN
530140,삼성 iSelect 레버리지 조선 TOP10 TR ETN,KOSPI,ETN
530141,삼성 중국 자동차 TOP5 TR ETN(H),KOSPI,ETN
530142,삼성 중국 AI 테크 TOP5 TR ETN(H),KOSPI,ETN
530143,삼성 인버스 2X 은 선물 ETN,KOSPI,ETN
530145,삼성 레버리지 천연가스 선물 ETN D,KOSPI,ETN
550041,N2 미국 IT TOP5 ETN(H),KOSPI,ETN
550064,N2 레버리지 은 선물 ETN(H),KOSPI,ETN
550069,N2 레버리지 구리 선물 ETN(H),KOSPI,ETN
550070,N2 인버스 레버리지 구리 선물 ETN(H),KOSPI,ETN
550082,N2 KIS CD금리투자 ETN,KOSPI,ETN
550084,N2 코스피 200 TR ETN,KOSPI,ETN
550085,N2 코스닥 150 TR ETN,KOSPI,ETN
550087,N2 선진국 1등주 ETN,KOSPI,ETN
550088,N2 월간 레버리지 선진국 1등주 ETN,KOSPI,ETN
550089,N2 월간 레버리지 코스피 200 선물 ETN,KOSPI,ETN
550091,N2 방위산업 Top5 ETN,KOSPI,ETN
550092,N2 월간 레버리지 방위산업 Top5 ETN,KOSPI,ETN
550093,N2 전력인프라 Top5 ETN,KOSPI,ETN
550095,N2 레버리지 국채10년 ETN,KOSPI,ETN
550096,N2 레버리지 국채30년 ETN,KOSPI,ETN
550097,N2 레버리지 코스닥150 선물 ETN,KOSPI,ETN
550098,N2 인버스 2X 코스닥150 선물 ETN,KOSPI,ETN
550099,N2 레버리지 천연가스 선물 ETN,KOSPI,ETN
550100,N2 인버스 2X 천연가스 선물 ETN,KOSPI,ETN
570019,한투 코스피양매도5%OTM ETN,KOSPI,ETN
570022,한투 레버리지S&P500선물 ETN(H),KOSPI,ETN
570023,한투 인버스2XS&P500선물 ETN(H),KOSPI,ETN
570029,한투 코스피양매도3%OTM ETN,KOSPI,ETN
570047,한투 FTSE100 ETN,KOSPI,ETN
570050,한투 S&P500선물 ETN,KOSPI,ETN
570051,한투 나스닥100 ETN,KOSPI,ETN
570061,한투 레버리지은선물 ETN,KOSPI,ETN
570063,한투 베트남VN30선물 ETN(H),KOSPI,ETN
570064,한투 인버스베트남VN30선물 ETN(H),KOSPI,ETN
570065,한투 레버리지베트남VN30선물 ETN(H),KOSPI,ETN
570066,한투 인버스2X베트남VN30 선물 ETN(H),KOSPI,ETN
570069,한투 레버리지플래티넘선물 ETN,KOSPI,ETN
570070,한투 인버스2X플래티넘선물 ETN,KOSPI,ETN
570071,한투 구리선물 ETN,KOSPI,ETN
570072,한투 레버리지구리선물 ETN,KOSPI,ETN
570073,한투 인버스2X구리선물 ETN,KOSPI,ETN
570074,한투 유럽탄소배출권선물 ETN(H),KOSPI,ETN
570081,한투 레버리지코스닥150선물 ETN,KOSPI,ETN
570082,한투 인버스2X코스닥150선물 ETN,KOSPI,ETN
570085,한투 인도네시아대표원자재 ETN,KOSPI,ETN
570090,한투 KIS CD금리투자 ETN,KOSPI,ETN
570091,한투 인버스유로스탁스50 ETN(H) C,KOSPI,ETN
570092,한투 인버스2X유로스탁스50 ETN(H) B,KOSPI,ETN
570094,한투 일본엔선물 ETN C,KOSPI,ETN
570095,한투 레버리지일본엔선물 ETN C,KOSPI,ETN
570096,한투 인버스2X일본엔선물 ETN,KOSPI,ETN
570097,한투 엔달러선물 ETN(H),KOSPI,ETN
570098,한투 레버리지엔달러선물 ETN(H),KOSPI,ETN
570099,한투 인버스2X엔달러 선물 ETN(H),KOSPI,ETN
570100,한투 일본종합상사TOP5 ETN,KOSPI,ETN
570101,한투 인버스나스닥100 ETN B,KOSPI,ETN
570102,한투 레버리지나스닥100 ETN B,KOSPI,ETN
570103,한투 인버스2X나스닥100 ETN B,KOSPI,ETN
570104,한투 일본니케이225선물 ETN(H),KOSPI,ETN
570105,한투 인버스일본니케이225선물 ETN(H),KOSPI,ETN
570106,한투 레버리지일본니케이225선물 ETN(H),KOSPI,ETN
570107,한투 인버스2X일본니케이225선물 ETN(H),KOSPI,ETN
570108,한투 레버리지국채30년 ETN,KOSPI,ETN
570109,한투 레버리지미국채30년 ETN,KOSPI,ETN
570110,한투 3X레버리지국채30년 ETN,KOSPI,ETN
570111,한투 3X레버리지미국채30년 ETN,KOSPI,ETN
570114,한투 S&P500 VIX S/T선물 ETN(H) B,KOSPI,ETN
570115,한투 인버스0.5X S&P500 VIX S/T선물 ETN B,KOSPI,ETN
570116,한투 레버리지WTI원유선물 ETN B,KOSPI,ETN
570117,한투 인버스2XWTI원유선물 ETN B,KOSPI,ETN
570118,한투 인버스2X천연가스선물 ETN B,KOSPI,ETN
570119,한투 인버스2X은선물 ETN,KOSPI,ETN
570120,한투 레버리지천연가스선물 ETN C,KOSPI,ETN
570121,한투 금선물 ETN,KOSPI,ETN
570122,한투 인버스금선물 ETN,KOSPI,ETN
570123,한투 은선물 ETN,KOSPI,ETN
570124,한투 인버스은선물 ETN,KOSPI,ETN
570125,한투 솔랙티브레버리지금선물 ETN,KOSPI,ETN
570126,한투 솔랙티브인버스2X금선물 ETN,KOSPI,ETN
570127,한투 인버스2X코스피200선물 ETN,KOSPI,ETN
580010,KB Wise 분할매매 ETN,KOSPI,ETN
580026,KB S&P 레버리지 은 선물 ETN(H),KOSPI,ETN
580032,KB 레버리지 구리 선물 ETN(H),KOSPI,ETN
580033,KB 인버스 2X 구리 선물 ETN(H),KOSPI,ETN
580034,KB 레버리지 FANG 플러스 ETN(H),KOSPI,ETN
580035,KB S&P 유럽탄소배출권 선물 ETN(H),KOSPI,ETN
580039,KB 레버리지 KOSPI 200 선물 ETN,KOSPI,ETN
580043,KB 레버리지 KOSDAQ 150 선물 ETN,KOSPI,ETN
580044,KB 인버스 2X KOSDAQ 150 선물 ETN,KOSPI,ETN
580047,KB 레버리지 항셍테크 선물 ETN(H) B,KOSPI,ETN
580048,KB 차이나 대형주 CSI 300 ETN,KOSPI,ETN
580049,KB 차이나 중형주 CSI 500 ETN,KOSPI,ETN
580050,KB 차이나 과창판 STAR 50 ETN,KOSPI,ETN
580051,KB 레버리지 밀 선물 ETN,KOSPI,ETN
580052,KB 인버스 2X 밀 선물 ETN,KOSPI,ETN
580053,KB 레버리지 콩 선물 ETN,KOSPI,ETN
580054,KB 인버스 2X 콩 선물 ETN,KOSPI,ETN
580056,KB 일본 로보틱스 TOP 10 ETN,KOSPI,ETN
580057,KB 일본 컨슈머 TOP 10 ETN,KOSPI,ETN
580058,KB KIS CD금리투자 ETN,KOSPI,ETN
580059,KB 미국채 10년 ETN,KOSPI,ETN
580060,KB 레버리지 미국채 10년 ETN,KOSPI,ETN
580061,KB 미국채 30년 ETN,KOSPI,ETN
580062,KB 레버리지 미국채 30년 ETN,KOSPI,ETN
580063,KB 레버리지 미국채 10년 선물 ETN,KOSPI,ETN
580064,KB 인버스 2X 미국채 10년 선물 ETN,KOSPI,ETN
580065,KB 코스닥 150 TR ETN,KOSPI,ETN
580066,KB 인도 대형 성장주 Select 5 ETN,KOSPI,ETN
580067,KB 인도 디지털 Select 5 ETN,KOSPI,ETN
580068,KB S&P 레버리지 WTI원유 선물 ETN B,KOSPI,ETN
580069,KB S&P 인버스 2X WTI원유 선물 ETN B,KOSPI,ETN
580070,KB 레버리지 2차전지 TOP 10 TR ETN,KOSPI,ETN
580071,KB 인버스 2X 천연가스 선물 ETN B,KOSPI,ETN
580072,KB 화웨이 밸류체인 ETN,KOSPI,ETN
580073,KB 레버리지 화웨이 밸류체인 ETN,KOSPI,ETN
580074,KB BYD 밸류체인 ETN,KOSPI,ETN
580075,KB 레버리지 BYD 밸류체인 ETN,KOSPI,ETN
580076,KB 레버리지 미국 나스닥 100 TR ETN B,KOSPI,ETN
580077,KB 인버스 2X 미국 나스닥 100 TR ETN B,KOSPI,ETN
580078,KB 은 선물 ETN,KOSPI,ETN
580079,KB 레버리지 은 선물 ETN,KOSPI,ETN
580080,KB 인버스 은 선물 ETN,KOSPI,ETN
580081,KB 인버스 2X 은 선물 ETN,KOSPI,ETN
580082,KB 레버리지 반도체 TOP10 TR ETN,KOSPI,ETN
580083,KB 레버리지 미국 S&P500 선물 ETN B,KOSPI,ETN
580084,KB 인버스 2X 미국 S&P500 선물 ETN B,KOSPI,ETN
580085,KB 솔랙티브 천연가스 선물 ETN,KOSPI,ETN
580086,KB 솔랙티브 레버리지 천연가스 선물 ETN,KOSPI,ETN
580087,KB 솔랙티브 인버스 천연가스 선물 ETN,KOSPI,ETN
580088,KB 인버스 2X KOSPI 200 선물 ETN B,KOSPI,ETN
580089,KB 솔랙티브 레버리지 금 선물 ETN,KOSPI,ETN
580090,KB 솔랙티브 인버스 2X 금 선물 ETN,KOSPI,ETN
610001,메리츠 인플레이션 국채 ETN,KOSPI,ETN
610003,메리츠 미국 인플레이션 국채 ETN(H),KOSPI,ETN
610007,메리츠 국채30년 ETN,KOSPI,ETN
610008,메리츠 레버리지 국채30년 ETN,KOSPI,ETN
610009,메리츠 인버스 국채30년 ETN,KOSPI,ETN
610018,메리츠 국채10년 ETN,KOSPI,ETN
610020,메리츠 인버스 국채10년 ETN,KOSPI,ETN
610022,메리츠 미국채10년 ETN(H),KOSPI,ETN
610023,메리츠 레버리지 미국채10년 ETN(H),KOSPI,ETN
610024,메리츠 인버스 미국채10년 ETN(H),KOSPI,ETN
610025,메리츠 인버스 2X 미국채10년 ETN(H),KOSPI,ETN
610028,메리츠 레버리지 구리 선물 ETN(H),KOSPI,ETN
610029,메리츠 인버스 2X 구리 선물 ETN(H),KOSPI,ETN
610030,메리츠 S&P 유럽탄소배출권 선물 ETN(H),KOSPI,ETN
610034,메리츠 대표 농산물 선물 ETN(H),KOSPI,ETN
610035,메리츠 레버리지 대표 농산물 선물 ETN(H),KOSPI,ETN
610036,메리츠 인버스 2X 대표 농산물 선물 ETN(H),KOSPI,ETN
610037,메리츠 미국채30년 ETN(H),KOSPI,ETN
610038,메리츠 레버리지 미국채30년 ETN(H),KOSPI,ETN
610039,메리츠 인버스 미국채30년 ETN(H),KOSPI,ETN
610040,메리츠 인버스 2X 미국채30년 ETN(H),KOSPI,ETN
610045,메리츠 국채3년 ETN,KOSPI,ETN
610047,메리츠 인버스 국채3년 ETN,KOSPI,ETN
610049,메리츠 국채5년 ETN,KOSPI,ETN
610051,메리츠 인버스 국채5년 ETN,KOSPI,ETN
610055,메리츠 3X 레버리지 국채3년 ETN,KOSPI,ETN
610056,메리츠 인버스 3X 국채3년 ETN,KOSPI,ETN
610057,메리츠 3X 레버리지 국채5년 ETN,KOSPI,ETN
610058,메리츠 인버스 3X 국채5년 ETN,KOSPI,ETN
610059,메리츠 3X 레버리지 국채10년 ETN,KOSPI,ETN
610060,메리츠 인버스 3X 국채10년 ETN,KOSPI,ETN
610061,메리츠 3X 레버리지 국채30년 ETN,KOSPI,ETN
610062,메리츠 인버스 3X 국채30년 ETN,KOSPI,ETN
610063,메리츠 KIS CD금리투자 ETN,KOSPI,ETN
610064,메리츠 KAP 통안채 6개월 ETN,KOSPI,ETN
610066,메리츠 KAP 통안채 3개월 ETN,KOSPI,ETN
610068,메리츠 KAP 일본 엔화 ETN,KOSPI,ETN
610069,메리츠 KAP 레버리지 일본 엔화 ETN,KOSPI,ETN
610070,메리츠 KAP 인버스 2X 일본 엔화 ETN,KOSPI,ETN
610071,메리츠 KAP 중국 위안화 ETN,KOSPI,ETN
610072,메리츠 KAP 레버리지 중국 위안화 ETN,KOSPI,ETN
610073,메리츠 KAP 인버스 2X 중국 위안화 ETN,KOSPI,ETN
610074,메리츠 미국채10년 ETN,KOSPI,ETN
610075,메리츠 3X 레버리지 미국채10년 ETN,KOSPI,ETN
610076,메리츠 인버스 3X 미국채10년 ETN,KOSPI,ETN
610077,메리츠 미국채30년 ETN,KOSPI,ETN
610078,메리츠 3X 레버리지 미국채30년 ETN,KOSPI,ETN
610079,메리츠 인버스 3X 미국채30년 ETN,KOSPI,ETN
610080,메리츠 멕시코 페소화 ETN,KOSPI,ETN
610081,메리츠 레버리지 멕시코 페소화 ETN,KOSPI,ETN
610082,메리츠 인도 루피화 ETN,KOSPI,ETN
610083,메리츠 레버리지 인도 루피화 ETN,KOSPI,ETN
610084,메리츠 미국채30년 스트립 ETN(H),KOSPI,ETN
610085,메리츠 레버리지 미국채30년 스트립 ETN(H),KOSPI,ETN
610086,메리츠 인버스2X 미국채30년 스트립 ETN(H),KOSPI,ETN
610087,메리츠 WTI원유 선물 ETN(H),KOSPI,ETN
610088,메리츠 레버리지 WTI원유 선물 ETN(H),KOSPI,ETN
610089,메리츠 인버스 2X WTI원유 선물 ETN(H),KOSPI,ETN
610090,메리츠 일본 국채 10년 ETN,KOSPI,ETN
610091,메리츠 3X 레버리지 일본 국채 10년 ETN,KOSPI,ETN
610092,메리츠 인버스 일본 국채 10년 ETN,KOSPI,ETN
610093,메리츠 인버스 3X 일본 국채 10년 ETN,KOSPI,ETN
610094,메리츠 천연가스 선물 ETN(H),KOSPI,ETN
610095,메리츠 레버리지 천연가스 선물 ETN(H),KOSPI,ETN
610096,메리츠 인버스 2X 천연가스 선물 ETN(H),KOSPI,ETN
610097,메리츠 미국채30년스트립 커버드콜 ETN(H),KOSPI,ETN
610098,메리츠 미국채30년 풋라이트 ETN(H),KOSPI,ETN
610099,메리츠 은 선물 ETN(H),KOSPI,ETN
610100,메리츠 레버리지 은 선물 ETN(H),KOSPI,ETN
610101,메리츠 인버스 2X 은 선물 ETN(H),KOSPI,ETN
610102,메리츠 솔랙티브 금 선물 ETN(H),KOSPI,ETN
610103,메리츠 솔랙티브 레버리지 금 선물 ETN(H),KOSPI,ETN
610104,메리츠 솔랙티브 인버스 2X 금 선물 ETN(H),KOSPI,ETN
610105,메리츠 레버리지 국채30년 ETN B,KOSPI,ETN
610106,메리츠 인버스 국채30년 ETN B,KOSPI,ETN
700011,하나 레버리지 옥수수 선물 ETN(H),KOSPI,ETN
700012,하나 인버스 2X 옥수수 선물 ETN(H),KOSPI,ETN
700013,하나 레버리지 콩 선물 ETN(H),KOSPI,ETN
700014,하나 인버스 2X 콩 선물 ETN(H),KOSPI,ETN
700017,하나 레버리지 코스닥150 선물 ETN,KOSPI,ETN
700018,하나 인버스 2X 코스닥150 선물 ETN,KOSPI,ETN
700022,하나 Solactive US Tech Top 10 ETN(H),KOSPI,ETN
700023,하나 Solactive 2X US Tech Top 10 ETN(H),KOSPI,ETN
700026,하나 CD금리투자 ETN,KOSPI,ETN
700027,하나 반도체 ETN,KOSPI,ETN
700028,하나 레버리지 반도체 ETN,KOSPI,ETN
700029,하나 S&P 레버리지 WTI원유 선물 ETN B,KOSPI,ETN
700030,하나 S&P 인버스 2X WTI원유 선물 ETN B,KOSPI,ETN
700031,하나 레버리지 천연가스 선물 ETN(H),KOSPI,ETN
700032,하나 인버스 2X 천연가스 선물 ETN(H),KOSPI,ETN
700033,하나 K방산TOP10 ETN,KOSPI,ETN
700034,하나 레버리지 K방산TOP10 ETN,KOSPI,ETN
700035,하나 인버스 2X K방산TOP10 ETN,KOSPI,ETN
700036,하나 인버스 2X 반도체 ETN,KOSPI,ETN
760004,키움 인버스 미국달러선물 ETN,KOSPI,ETN
760005,키움 INDXX 미국테크탑10 ETN,KOSPI,ETN
760006,키움 KPOP ETN,KOSPI,ETN
760007,키움 코스피 200 TR ETN,KOSPI,ETN
760008,키움 코스닥 150 TR ETN,KOSPI,ETN
760009,키움 CD금리투자 ETN,KOSPI,ETN
760010,키움 2차전지산업 ETN,KOSPI,ETN
760011,키움 레버리지 2차전지산업 ETN,KOSPI,ETN
760012,키움 반도체TOP10 ETN,KOSPI,ETN
760013,키움 레버리지 반도체TOP10 ETN,KOSPI,ETN
760014,키움 바이오TOP10 ETN,KOSPI,ETN
760015,키움 레버리지 바이오TOP10 ETN,KOSPI,ETN
760016,키움 레버리지 조선TOP10 ETN,KOSPI,ETN
760017,키움 조선TOP10 ETN,KOSPI,ETN
760018,키움 미국달러선물 ETN B,KOSPI,ETN
760019,키움 리츠부동산인프라 ETN,KOSPI,ETN
760020,키움 레버리지 리츠부동산인프라 ETN,KOSPI,ETN
760021,키움 코스피200 선물 달러노출 ETN,KOSPI,ETN
760022,키움 K방산 TOP5 ETN,KOSPI,ETN
760023,키움 레버리지 K방산 TOP5 ETN,KOSPI,ETN
760024,키움 인버스 2X K방산 TOP5 ETN,KOSPI,ETN
760025,키움 전력 TOP5 ETN,KOSPI,ETN
760026,키움 레버리지 전력 TOP5 ETN,KOSPI,ETN
760027,키움 인버스 2X 전력 TOP5 ETN,KOSPI,ETN
760028,키움 인버스 2X 반도체TOP10 ETN,KOSPI,ETN
900140,엘브이엠씨홀딩스,KOSPI,STOCK
950210,프레스티지바이오파마,KOSPI,STOCK
